Record Length,2.500000e+03,,  -0.710000000000,   0.63680,
Sample Interval,1.000000e-03,,  -0.709000000000,   0.63760,
Trigger Point,7.100000000000e+02,,  -0.708000000000,   0.63760,
,,,  -0.707000000000,   0.63840,
,,,  -0.706000000000,   0.63520,
,,,  -0.705000000000,   0.63520,
Source,CH1,,  -0.704000000000,   0.63680,
Vertical Units,V,,  -0.703000000000,   0.63680,
Vertical Scale,2.000000e-02,,  -0.702000000000,   0.63520,
Vertical Offset,-5.776000e-01,,  -0.701000000000,   0.63600,
Horizontal Units,s,,  -0.700000000000,   0.63600,
Horizontal Scale,2.500000e-01,,  -0.699000000000,   0.63760,
Pt Fmt,Y,,  -0.698000000000,   0.63680,
Yzero,0.000000e+00,,  -0.697000000000,   0.63920,
Probe Atten,1.000000e+00,,  -0.696000000000,   0.63840,
Model Number,TDS2012B,,  -0.695000000000,   0.63680,
Serial Number,C102158,,  -0.694000000000,   0.63680,
Firmware Version,FV:v22.11,,  -0.693000000000,   0.63680,
,,,-00.692000000000,   0.63680,
,,,-00.691000000000,   0.63760,
,,,-00.690000000000,   0.63680,
,,,-00.689000000000,   0.63680,
,,,-00.688000000000,   0.63600,
,,,-00.687000000000,   0.63760,
,,,-00.686000000000,   0.63760,
,,,-00.685000000000,   0.63760,
,,,-00.684000000000,   0.63440,
,,,-00.683000000000,   0.63520,
,,,-00.682000000000,   0.63680,
,,,-00.681000000000,   0.63600,
,,,-00.680000000000,   0.63600,
,,,-00.679000000000,   0.63680,
,,,-00.678000000000,   0.63600,
,,,-00.677000000000,   0.63760,
,,,-00.676000000000,   0.63840,
,,,-00.675000000000,   0.63680,
,,,-00.674000000000,   0.63680,
,,,-00.673000000000,   0.63600,
,,,-00.672000000000,   0.63680,
,,,-00.671000000000,   0.63680,
,,,-00.670000000000,   0.63520,
,,,-00.669000000000,   0.63840,
,,,-00.668000000000,   0.63760,
,,,-00.667000000000,   0.63680,
,,,-00.666000000000,   0.63520,
,,,-00.665000000000,   0.63520,
,,,-00.664000000000,   0.63600,
,,,-00.663000000000,   0.63760,
,,,-00.662000000000,   0.63680,
,,,-00.661000000000,   0.63680,
,,,-00.660000000000,   0.63600,
,,,-00.659000000000,   0.63840,
,,,-00.658000000000,   0.63680,
,,,-00.657000000000,   0.63600,
,,,-00.656000000000,   0.63840,
,,,-00.655000000000,   0.63520,
,,,-00.654000000000,   0.63680,
,,,-00.653000000000,   0.63680,
,,,-00.652000000000,   0.63600,
,,,-00.651000000000,   0.63520,
,,,-00.650000000000,   0.63600,
,,,-00.649000000000,   0.63600,
,,,-00.648000000000,   0.63760,
,,,-00.647000000000,   0.63600,
,,,-00.646000000000,   0.63600,
,,,-00.645000000000,   0.63600,
,,,-00.644000000000,   0.63760,
,,,-00.643000000000,   0.63680,
,,,-00.642000000000,   0.63680,
,,,-00.641000000000,   0.63680,
,,,-00.640000000000,   0.63680,
,,,-00.639000000000,   0.63680,
,,,-00.638000000000,   0.63840,
,,,-00.637000000000,   0.63680,
,,,-00.636000000000,   0.63680,
,,,-00.635000000000,   0.63600,
,,,-00.634000000000,   0.63600,
,,,-00.633000000000,   0.63520,
,,,-00.632000000000,   0.63600,
,,,-00.631000000000,   0.63680,
,,,-00.630000000000,   0.63760,
,,,-00.629000000000,   0.63680,
,,,-00.628000000000,   0.63600,
,,,-00.627000000000,   0.63680,
,,,-00.626000000000,   0.63520,
,,,-00.625000000000,   0.63760,
,,,-00.624000000000,   0.63680,
,,,-00.623000000000,   0.63680,
,,,-00.622000000000,   0.63600,
,,,-00.621000000000,   0.63680,
,,,-00.620000000000,   0.63760,
,,,-00.619000000000,   0.63840,
,,,-00.618000000000,   0.63680,
,,,-00.617000000000,   0.63600,
,,,-00.616000000000,   0.63760,
,,,-00.615000000000,   0.63520,
,,,-00.614000000000,   0.63760,
,,,-00.613000000000,   0.63760,
,,,-00.612000000000,   0.63760,
,,,-00.611000000000,   0.63600,
,,,-00.610000000000,   0.63680,
,,,-00.609000000000,   0.63600,
,,,-00.608000000000,   0.63680,
,,,-00.607000000000,   0.63520,
,,,-00.606000000000,   0.63600,
,,,-00.605000000000,   0.63680,
,,,-00.604000000000,   0.63600,
,,,-00.603000000000,   0.63520,
,,,-00.602000000000,   0.63520,
,,,-00.601000000000,   0.63680,
,,,-00.600000000000,   0.63680,
,,,-00.599000000000,   0.63600,
,,,-00.598000000000,   0.63760,
,,,-00.597000000000,   0.63840,
,,,-00.596000000000,   0.63520,
,,,-00.595000000000,   0.63600,
,,,-00.594000000000,   0.63600,
,,,-00.593000000000,   0.63680,
,,,-00.592000000000,   0.63600,
,,,-00.591000000000,   0.63680,
,,,-00.590000000000,   0.63760,
,,,-00.589000000000,   0.63520,
,,,-00.588000000000,   0.63680,
,,,-00.587000000000,   0.63600,
,,,-00.586000000000,   0.63840,
,,,-00.585000000000,   0.63520,
,,,-00.584000000000,   0.63680,
,,,-00.583000000000,   0.63440,
,,,-00.582000000000,   0.63680,
,,,-00.581000000000,   0.63600,
,,,-00.580000000000,   0.63760,
,,,-00.579000000000,   0.63600,
,,,-00.578000000000,   0.63600,
,,,-00.577000000000,   0.63920,
,,,-00.576000000000,   0.63520,
,,,-00.575000000000,   0.63520,
,,,-00.574000000000,   0.63600,
,,,-00.573000000000,   0.63520,
,,,-00.572000000000,   0.63600,
,,,-00.571000000000,   0.63440,
,,,-00.570000000000,   0.63520,
,,,-00.569000000000,   0.63600,
,,,-00.568000000000,   0.63520,
,,,-00.567000000000,   0.63680,
,,,-00.566000000000,   0.63520,
,,,-00.565000000000,   0.63520,
,,,-00.564000000000,   0.63360,
,,,-00.563000000000,   0.63760,
,,,-00.562000000000,   0.63600,
,,,-00.561000000000,   0.63520,
,,,-00.560000000000,   0.63760,
,,,-00.559000000000,   0.63600,
,,,-00.558000000000,   0.63520,
,,,-00.557000000000,   0.63360,
,,,-00.556000000000,   0.63760,
,,,-00.555000000000,   0.63760,
,,,-00.554000000000,   0.63520,
,,,-00.553000000000,   0.63760,
,,,-00.552000000000,   0.63680,
,,,-00.551000000000,   0.63600,
,,,-00.550000000000,   0.63600,
,,,-00.549000000000,   0.63600,
,,,-00.548000000000,   0.63600,
,,,-00.547000000000,   0.63680,
,,,-00.546000000000,   0.63680,
,,,-00.545000000000,   0.63440,
,,,-00.544000000000,   0.63600,
,,,-00.543000000000,   0.63840,
,,,-00.542000000000,   0.63680,
,,,-00.541000000000,   0.63680,
,,,-00.540000000000,   0.63840,
,,,-00.539000000000,   0.63600,
,,,-00.538000000000,   0.63520,
,,,-00.537000000000,   0.63680,
,,,-00.536000000000,   0.63840,
,,,-00.535000000000,   0.63600,
,,,-00.534000000000,   0.63360,
,,,-00.533000000000,   0.63600,
,,,-00.532000000000,   0.63840,
,,,-00.531000000000,   0.63760,
,,,-00.530000000000,   0.63600,
,,,-00.529000000000,   0.63680,
,,,-00.528000000000,   0.63600,
,,,-00.527000000000,   0.63680,
,,,-00.526000000000,   0.63520,
,,,-00.525000000000,   0.63600,
,,,-00.524000000000,   0.63680,
,,,-00.523000000000,   0.63680,
,,,-00.522000000000,   0.63760,
,,,-00.521000000000,   0.63600,
,,,-00.520000000000,   0.63760,
,,,-00.519000000000,   0.63520,
,,,-00.518000000000,   0.63600,
,,,-00.517000000000,   0.63600,
,,,-00.516000000000,   0.63440,
,,,-00.515000000000,   0.63600,
,,,-00.514000000000,   0.63440,
,,,-00.513000000000,   0.63440,
,,,-00.512000000000,   0.63760,
,,,-00.511000000000,   0.64000,
,,,-00.510000000000,   0.63600,
,,,-00.509000000000,   0.63760,
,,,-00.508000000000,   0.63760,
,,,-00.507000000000,   0.63600,
,,,-00.506000000000,   0.63680,
,,,-00.505000000000,   0.63760,
,,,-00.504000000000,   0.64160,
,,,-00.503000000000,   0.63920,
,,,-00.502000000000,   0.63680,
,,,-00.501000000000,   0.63520,
,,,-00.500000000000,   0.63600,
,,,-00.499000000000,   0.63600,
,,,-00.498000000000,   0.63840,
,,,-00.497000000000,   0.63760,
,,,-00.496000000000,   0.63600,
,,,-00.495000000000,   0.63920,
,,,-00.494000000000,   0.64000,
,,,-00.493000000000,   0.64000,
,,,-00.492000000000,   0.63840,
,,,-00.491000000000,   0.63440,
,,,-00.490000000000,   0.63760,
,,,-00.489000000000,   0.63520,
,,,-00.488000000000,   0.63520,
,,,-00.487000000000,   0.63600,
,,,-00.486000000000,   0.63600,
,,,-00.485000000000,   0.63840,
,,,-00.484000000000,   0.63680,
,,,-00.483000000000,   0.63600,
,,,-00.482000000000,   0.63680,
,,,-00.481000000000,   0.63520,
,,,-00.480000000000,   0.63600,
,,,-00.479000000000,   0.63520,
,,,-00.478000000000,   0.63680,
,,,-00.477000000000,   0.63520,
,,,-00.476000000000,   0.63680,
,,,-00.475000000000,   0.63600,
,,,-00.474000000000,   0.63520,
,,,-00.473000000000,   0.63600,
,,,-00.472000000000,   0.63280,
,,,-00.471000000000,   0.63520,
,,,-00.470000000000,   0.63600,
,,,-00.469000000000,   0.63440,
,,,-00.468000000000,   0.63520,
,,,-00.467000000000,   0.63520,
,,,-00.466000000000,   0.63600,
,,,-00.465000000000,   0.63520,
,,,-00.464000000000,   0.63600,
,,,-00.463000000000,   0.63600,
,,,-00.462000000000,   0.63520,
,,,-00.461000000000,   0.63600,
,,,-00.460000000000,   0.63680,
,,,-00.459000000000,   0.63680,
,,,-00.458000000000,   0.63520,
,,,-00.457000000000,   0.63360,
,,,-00.456000000000,   0.63760,
,,,-00.455000000000,   0.63520,
,,,-00.454000000000,   0.63520,
,,,-00.453000000000,   0.63600,
,,,-00.452000000000,   0.63600,
,,,-00.451000000000,   0.63360,
,,,-00.450000000000,   0.63520,
,,,-00.449000000000,   0.63440,
,,,-00.448000000000,   0.63520,
,,,-00.447000000000,   0.63520,
,,,-00.446000000000,   0.63520,
,,,-00.445000000000,   0.63600,
,,,-00.444000000000,   0.63520,
,,,-00.443000000000,   0.63680,
,,,-00.442000000000,   0.63520,
,,,-00.441000000000,   0.63440,
,,,-00.440000000000,   0.63600,
,,,-00.439000000000,   0.63360,
,,,-00.438000000000,   0.63600,
,,,-00.437000000000,   0.63520,
,,,-00.436000000000,   0.63600,
,,,-00.435000000000,   0.63600,
,,,-00.434000000000,   0.63600,
,,,-00.433000000000,   0.63520,
,,,-00.432000000000,   0.63520,
,,,-00.431000000000,   0.63520,
,,,-00.430000000000,   0.63520,
,,,-00.429000000000,   0.63520,
,,,-00.428000000000,   0.63440,
,,,-00.427000000000,   0.63520,
,,,-00.426000000000,   0.63920,
,,,-00.425000000000,   0.63600,
,,,-00.424000000000,   0.63520,
,,,-00.423000000000,   0.63760,
,,,-00.422000000000,   0.64080,
,,,-00.421000000000,   0.63600,
,,,-00.420000000000,   0.63600,
,,,-00.419000000000,   0.63600,
,,,-00.418000000000,   0.63520,
,,,-00.417000000000,   0.63600,
,,,-00.416000000000,   0.63840,
,,,-00.415000000000,   0.63680,
,,,-00.414000000000,   0.63440,
,,,-00.413000000000,   0.63520,
,,,-00.412000000000,   0.63360,
,,,-00.411000000000,   0.63840,
,,,-00.410000000000,   0.63680,
,,,-00.409000000000,   0.63440,
,,,-00.408000000000,   0.63520,
,,,-00.407000000000,   0.63520,
,,,-00.406000000000,   0.63520,
,,,-00.405000000000,   0.63600,
,,,-00.404000000000,   0.63520,
,,,-00.403000000000,   0.63440,
,,,-00.402000000000,   0.63520,
,,,-00.401000000000,   0.63600,
,,,-00.400000000000,   0.63600,
,,,-00.399000000000,   0.63520,
,,,-00.398000000000,   0.63600,
,,,-00.397000000000,   0.63520,
,,,-00.396000000000,   0.63600,
,,,-00.395000000000,   0.63520,
,,,-00.394000000000,   0.63600,
,,,-00.393000000000,   0.63600,
,,,-00.392000000000,   0.63600,
,,,-00.391000000000,   0.63440,
,,,-00.390000000000,   0.63360,
,,,-00.389000000000,   0.63600,
,,,-00.388000000000,   0.63520,
,,,-00.387000000000,   0.63520,
,,,-00.386000000000,   0.63600,
,,,-00.385000000000,   0.63600,
,,,-00.384000000000,   0.63440,
,,,-00.383000000000,   0.63520,
,,,-00.382000000000,   0.63760,
,,,-00.381000000000,   0.63760,
,,,-00.380000000000,   0.63520,
,,,-00.379000000000,   0.63600,
,,,-00.378000000000,   0.63440,
,,,-00.377000000000,   0.63600,
,,,-00.376000000000,   0.63760,
,,,-00.375000000000,   0.63760,
,,,-00.374000000000,   0.63600,
,,,-00.373000000000,   0.63520,
,,,-00.372000000000,   0.63920,
,,,-00.371000000000,   0.63600,
,,,-00.370000000000,   0.63600,
,,,-00.369000000000,   0.63600,
,,,-00.368000000000,   0.63680,
,,,-00.367000000000,   0.63520,
,,,-00.366000000000,   0.63600,
,,,-00.365000000000,   0.63600,
,,,-00.364000000000,   0.63600,
,,,-00.363000000000,   0.63520,
,,,-00.362000000000,   0.63600,
,,,-00.361000000000,   0.63440,
,,,-00.360000000000,   0.63680,
,,,-00.359000000000,   0.63600,
,,,-00.358000000000,   0.63600,
,,,-00.357000000000,   0.63520,
,,,-00.356000000000,   0.63520,
,,,-00.355000000000,   0.63600,
,,,-00.354000000000,   0.63760,
,,,-00.353000000000,   0.63600,
,,,-00.352000000000,   0.63600,
,,,-00.351000000000,   0.63600,
,,,-00.350000000000,   0.63440,
,,,-00.349000000000,   0.63440,
,,,-00.348000000000,   0.63600,
,,,-00.347000000000,   0.63680,
,,,-00.346000000000,   0.63520,
,,,-00.345000000000,   0.63680,
,,,-00.344000000000,   0.63600,
,,,-00.343000000000,   0.63680,
,,,-00.342000000000,   0.63600,
,,,-00.341000000000,   0.63680,
,,,-00.340000000000,   0.63600,
,,,-00.339000000000,   0.63520,
,,,-00.338000000000,   0.63600,
,,,-00.337000000000,   0.63440,
,,,-00.336000000000,   0.63600,
,,,-00.335000000000,   0.63680,
,,,-00.334000000000,   0.63520,
,,,-00.333000000000,   0.63440,
,,,-00.332000000000,   0.63600,
,,,-00.331000000000,   0.63520,
,,,-00.330000000000,   0.63600,
,,,-00.329000000000,   0.63440,
,,,-00.328000000000,   0.63520,
,,,-00.327000000000,   0.63520,
,,,-00.326000000000,   0.63600,
,,,-00.325000000000,   0.63600,
,,,-00.324000000000,   0.63520,
,,,-00.323000000000,   0.63520,
,,,-00.322000000000,   0.63600,
,,,-00.321000000000,   0.63520,
,,,-00.320000000000,   0.63520,
,,,-00.319000000000,   0.63440,
,,,-00.318000000000,   0.63520,
,,,-00.317000000000,   0.63520,
,,,-00.316000000000,   0.63600,
,,,-00.315000000000,   0.63600,
,,,-00.314000000000,   0.63440,
,,,-00.313000000000,   0.63600,
,,,-00.312000000000,   0.63520,
,,,-00.311000000000,   0.63680,
,,,-00.310000000000,   0.63440,
,,,-00.309000000000,   0.63600,
,,,-00.308000000000,   0.63440,
,,,-00.307000000000,   0.63680,
,,,-00.306000000000,   0.63520,
,,,-00.305000000000,   0.63600,
,,,-00.304000000000,   0.63600,
,,,-00.303000000000,   0.63440,
,,,-00.302000000000,   0.63440,
,,,-00.301000000000,   0.63520,
,,,-00.300000000000,   0.63680,
,,,-00.299000000000,   0.63520,
,,,-00.298000000000,   0.63520,
,,,-00.297000000000,   0.63600,
,,,-00.296000000000,   0.63520,
,,,-00.295000000000,   0.63760,
,,,-00.294000000000,   0.63520,
,,,-00.293000000000,   0.63600,
,,,-00.292000000000,   0.63520,
,,,-00.291000000000,   0.63520,
,,,-00.290000000000,   0.63520,
,,,-00.289000000000,   0.63680,
,,,-00.288000000000,   0.63440,
,,,-00.287000000000,   0.63520,
,,,-00.286000000000,   0.63600,
,,,-00.285000000000,   0.63440,
,,,-00.284000000000,   0.63600,
,,,-00.283000000000,   0.63520,
,,,-00.282000000000,   0.63520,
,,,-00.281000000000,   0.63680,
,,,-00.280000000000,   0.63600,
,,,-00.279000000000,   0.63600,
,,,-00.278000000000,   0.63440,
,,,-00.277000000000,   0.63520,
,,,-00.276000000000,   0.63600,
,,,-00.275000000000,   0.63520,
,,,-00.274000000000,   0.63440,
,,,-00.273000000000,   0.63600,
,,,-00.272000000000,   0.63600,
,,,-00.271000000000,   0.63600,
,,,-00.270000000000,   0.63600,
,,,-00.269000000000,   0.63600,
,,,-00.268000000000,   0.63280,
,,,-00.267000000000,   0.63600,
,,,-00.266000000000,   0.63600,
,,,-00.265000000000,   0.63440,
,,,-00.264000000000,   0.63520,
,,,-00.263000000000,   0.63680,
,,,-00.262000000000,   0.63440,
,,,-00.261000000000,   0.63440,
,,,-00.260000000000,   0.63440,
,,,-00.259000000000,   0.63440,
,,,-00.258000000000,   0.63440,
,,,-00.257000000000,   0.63440,
,,,-00.256000000000,   0.63600,
,,,-00.255000000000,   0.63600,
,,,-00.254000000000,   0.63440,
,,,-00.253000000000,   0.63600,
,,,-00.252000000000,   0.63680,
,,,-00.251000000000,   0.63520,
,,,-00.250000000000,   0.63600,
,,,-00.249000000000,   0.63760,
,,,-00.248000000000,   0.63520,
,,,-00.247000000000,   0.63440,
,,,-00.246000000000,   0.63360,
,,,-00.245000000000,   0.63840,
,,,-00.244000000000,   0.63600,
,,,-00.243000000000,   0.63520,
,,,-00.242000000000,   0.63600,
,,,-00.241000000000,   0.63600,
,,,-00.240000000000,   0.63680,
,,,-00.239000000000,   0.63360,
,,,-00.238000000000,   0.63600,
,,,-00.237000000000,   0.63600,
,,,-00.236000000000,   0.63600,
,,,-00.235000000000,   0.63520,
,,,-00.234000000000,   0.63360,
,,,-00.233000000000,   0.63520,
,,,-00.232000000000,   0.63440,
,,,-00.231000000000,   0.63520,
,,,-00.230000000000,   0.63600,
,,,-00.229000000000,   0.63600,
,,,-00.228000000000,   0.63600,
,,,-00.227000000000,   0.63600,
,,,-00.226000000000,   0.63360,
,,,-00.225000000000,   0.63520,
,,,-00.224000000000,   0.63520,
,,,-00.223000000000,   0.63520,
,,,-00.222000000000,   0.63680,
,,,-00.221000000000,   0.63360,
,,,-00.220000000000,   0.63600,
,,,-00.219000000000,   0.63360,
,,,-00.218000000000,   0.63520,
,,,-00.217000000000,   0.63520,
,,,-00.216000000000,   0.63680,
,,,-00.215000000000,   0.63600,
,,,-00.214000000000,   0.63520,
,,,-00.213000000000,   0.63680,
,,,-00.212000000000,   0.62960,
,,,-00.211000000000,   0.61360,
,,,-00.210000000000,   0.59920,
,,,-00.209000000000,   0.59040,
,,,-00.208000000000,   0.58000,
,,,-00.207000000000,   0.57520,
,,,-00.206000000000,   0.56880,
,,,-00.205000000000,   0.56320,
,,,-00.204000000000,   0.56000,
,,,-00.203000000000,   0.55760,
,,,-00.202000000000,   0.55680,
,,,-00.201000000000,   0.55280,
,,,-00.200000000000,   0.55120,
,,,-00.199000000000,   0.55120,
,,,-00.198000000000,   0.54880,
,,,-00.197000000000,   0.54800,
,,,-00.196000000000,   0.54640,
,,,-00.195000000000,   0.54400,
,,,-00.194000000000,   0.54640,
,,,-00.193000000000,   0.54560,
,,,-00.192000000000,   0.54400,
,,,-00.191000000000,   0.54320,
,,,-00.190000000000,   0.54400,
,,,-00.189000000000,   0.54400,
,,,-00.188000000000,   0.54400,
,,,-00.187000000000,   0.54480,
,,,-00.186000000000,   0.54320,
,,,-00.185000000000,   0.54400,
,,,-00.184000000000,   0.54400,
,,,-00.183000000000,   0.54320,
,,,-00.182000000000,   0.54400,
,,,-00.181000000000,   0.54400,
,,,-00.180000000000,   0.54560,
,,,-00.179000000000,   0.54320,
,,,-00.178000000000,   0.54400,
,,,-00.177000000000,   0.54240,
,,,-00.176000000000,   0.54560,
,,,-00.175000000000,   0.54320,
,,,-00.174000000000,   0.54400,
,,,-00.173000000000,   0.54560,
,,,-00.172000000000,   0.54480,
,,,-00.171000000000,   0.54320,
,,,-00.170000000000,   0.54560,
,,,-00.169000000000,   0.54480,
,,,-00.168000000000,   0.54720,
,,,-00.167000000000,   0.54480,
,,,-00.166000000000,   0.54640,
,,,-00.165000000000,   0.54800,
,,,-00.164000000000,   0.54480,
,,,-00.163000000000,   0.54480,
,,,-00.162000000000,   0.54560,
,,,-00.161000000000,   0.54640,
,,,-00.160000000000,   0.54720,
,,,-00.159000000000,   0.54480,
,,,-00.158000000000,   0.54720,
,,,-00.157000000000,   0.54800,
,,,-00.156000000000,   0.54640,
,,,-00.155000000000,   0.54800,
,,,-00.154000000000,   0.54640,
,,,-00.153000000000,   0.54800,
,,,-00.152000000000,   0.54880,
,,,-00.151000000000,   0.54800,
,,,-00.150000000000,   0.54960,
,,,-00.149000000000,   0.54800,
,,,-00.148000000000,   0.55040,
,,,-00.147000000000,   0.54800,
,,,-00.146000000000,   0.54960,
,,,-00.145000000000,   0.55120,
,,,-00.144000000000,   0.54800,
,,,-00.143000000000,   0.55280,
,,,-00.142000000000,   0.55120,
,,,-00.141000000000,   0.55120,
,,,-00.140000000000,   0.54800,
,,,-00.139000000000,   0.54880,
,,,-00.138000000000,   0.55120,
,,,-00.137000000000,   0.55200,
,,,-00.136000000000,   0.55120,
,,,-00.135000000000,   0.55120,
,,,-00.134000000000,   0.55120,
,,,-00.133000000000,   0.55120,
,,,-00.132000000000,   0.55120,
,,,-00.131000000000,   0.55360,
,,,-00.130000000000,   0.55360,
,,,-00.129000000000,   0.55360,
,,,-00.128000000000,   0.55440,
,,,-00.127000000000,   0.55120,
,,,-00.126000000000,   0.55280,
,,,-00.125000000000,   0.55360,
,,,-00.124000000000,   0.55120,
,,,-00.123000000000,   0.55120,
,,,-00.122000000000,   0.55680,
,,,-00.121000000000,   0.55360,
,,,-00.120000000000,   0.55280,
,,,-00.119000000000,   0.55360,
,,,-00.118000000000,   0.55360,
,,,-00.117000000000,   0.55440,
,,,-00.116000000000,   0.55360,
,,,-00.115000000000,   0.55360,
,,,-00.114000000000,   0.55440,
,,,-00.113000000000,   0.55440,
,,,-00.112000000000,   0.55680,
,,,-00.111000000000,   0.55680,
,,,-00.110000000000,   0.55440,
,,,-00.109000000000,   0.55440,
,,,-00.108000000000,   0.55520,
,,,-00.107000000000,   0.55520,
,,,-00.106000000000,   0.55440,
,,,-00.105000000000,   0.55680,
,,,-00.104000000000,   0.55600,
,,,-00.103000000000,   0.55840,
,,,-00.102000000000,   0.55600,
,,,-00.101000000000,   0.55760,
,,,-00.100000000000,   0.55760,
,,,-00.099000000000,   0.55760,
,,,-00.098000000000,   0.55600,
,,,-00.097000000000,   0.55680,
,,,-00.096000000000,   0.55760,
,,,-00.095000000000,   0.55760,
,,,-00.094000000000,   0.55840,
,,,-00.093000000000,   0.55920,
,,,-00.092000000000,   0.55920,
,,,-00.091000000000,   0.55920,
,,,-00.090000000000,   0.55840,
,,,-00.089000000000,   0.55760,
,,,-00.088000000000,   0.55920,
,,,-00.087000000000,   0.55840,
,,,-00.086000000000,   0.55840,
,,,-00.085000000000,   0.56000,
,,,-00.084000000000,   0.55840,
,,,-00.083000000000,   0.56000,
,,,-00.082000000000,   0.56080,
,,,-00.081000000000,   0.56000,
,,,-00.080000000000,   0.56000,
,,,-00.079000000000,   0.56000,
,,,-00.078000000000,   0.56000,
,,,-00.077000000000,   0.56160,
,,,-00.076000000000,   0.56240,
,,,-00.075000000000,   0.56160,
,,,-00.074000000000,   0.56240,
,,,-00.073000000000,   0.56320,
,,,-00.072000000000,   0.56400,
,,,-00.071000000000,   0.56240,
,,,-00.070000000000,   0.56320,
,,,-00.069000000000,   0.56320,
,,,-00.068000000000,   0.56320,
,,,-00.067000000000,   0.56320,
,,,-00.066000000000,   0.56320,
,,,-00.065000000000,   0.56640,
,,,-00.064000000000,   0.56320,
,,,-00.063000000000,   0.56240,
,,,-00.062000000000,   0.56240,
,,,-00.061000000000,   0.56320,
,,,-00.060000000000,   0.56400,
,,,-00.059000000000,   0.56400,
,,,-00.058000000000,   0.56480,
,,,-00.057000000000,   0.56400,
,,,-00.056000000000,   0.56480,
,,,-00.055000000000,   0.56640,
,,,-00.054000000000,   0.56480,
,,,-00.053000000000,   0.56640,
,,,-00.052000000000,   0.56720,
,,,-00.051000000000,   0.56480,
,,,-00.050000000000,   0.56640,
,,,-00.049000000000,   0.56640,
,,,-00.048000000000,   0.56720,
,,,-00.047000000000,   0.56560,
,,,-00.046000000000,   0.56800,
,,,-00.045000000000,   0.56640,
,,,-00.044000000000,   0.56960,
,,,-00.043000000000,   0.56720,
,,,-00.042000000000,   0.56720,
,,,-00.041000000000,   0.56880,
,,,-00.040000000000,   0.56800,
,,,-00.039000000000,   0.56880,
,,,-00.038000000000,   0.56800,
,,,-00.037000000000,   0.56640,
,,,-00.036000000000,   0.56800,
,,,-00.035000000000,   0.56960,
,,,-00.034000000000,   0.56880,
,,,-00.033000000000,   0.56880,
,,,-00.032000000000,   0.56880,
,,,-00.031000000000,   0.56880,
,,,-00.030000000000,   0.56960,
,,,-00.029000000000,   0.56960,
,,,-00.028000000000,   0.57120,
,,,-00.027000000000,   0.57040,
,,,-00.026000000000,   0.57120,
,,,-00.025000000000,   0.57120,
,,,-00.024000000000,   0.57120,
,,,-00.023000000000,   0.56960,
,,,-00.022000000000,   0.57200,
,,,-00.021000000000,   0.57120,
,,,-00.020000000000,   0.57120,
,,,-00.019000000000,   0.57120,
,,,-00.018000000000,   0.57120,
,,,-00.017000000000,   0.57120,
,,,-00.016000000000,   0.57200,
,,,-00.015000000000,   0.57120,
,,,-00.014000000000,   0.57280,
,,,-00.013000000000,   0.57520,
,,,-00.012000000000,   0.57360,
,,,-00.011000000000,   0.57200,
,,,-00.010000000000,   0.57360,
,,,-00.009000000000,   0.57280,
,,,-00.008000000000,   0.57360,
,,,-00.007000000000,   0.57200,
,,,-00.006000000000,   0.57440,
,,,-00.005000000000,   0.57360,
,,,-00.004000000000,   0.57520,
,,,-00.003000000000,   0.57520,
,,,-00.002000000000,   0.57280,
,,,-00.001000000000,   0.57520,
,,,-00.000000000000,   0.57520,
,,,00.001000000000,   0.57520,
,,,00.002000000000,   0.57520,
,,,00.003000000000,   0.57520,
,,,00.004000000000,   0.57600,
,,,00.005000000000,   0.57680,
,,,00.006000000000,   0.57600,
,,,00.007000000000,   0.57520,
,,,00.008000000000,   0.57520,
,,,00.009000000000,   0.57680,
,,,00.010000000000,   0.57840,
,,,00.011000000000,   0.57680,
,,,00.012000000000,   0.57680,
,,,00.013000000000,   0.57680,
,,,00.014000000000,   0.57840,
,,,00.015000000000,   0.57680,
,,,00.016000000000,   0.57840,
,,,00.017000000000,   0.57680,
,,,00.018000000000,   0.57760,
,,,00.019000000000,   0.57760,
,,,00.020000000000,   0.57840,
,,,00.021000000000,   0.57760,
,,,00.022000000000,   0.57840,
,,,00.023000000000,   0.57760,
,,,00.024000000000,   0.57920,
,,,00.025000000000,   0.58000,
,,,00.026000000000,   0.57760,
,,,00.027000000000,   0.57840,
,,,00.028000000000,   0.58000,
,,,00.029000000000,   0.57920,
,,,00.030000000000,   0.58160,
,,,00.031000000000,   0.58160,
,,,00.032000000000,   0.58000,
,,,00.033000000000,   0.58160,
,,,00.034000000000,   0.58160,
,,,00.035000000000,   0.58160,
,,,00.036000000000,   0.58160,
,,,00.037000000000,   0.58000,
,,,00.038000000000,   0.58320,
,,,00.039000000000,   0.58160,
,,,00.040000000000,   0.58240,
,,,00.041000000000,   0.58240,
,,,00.042000000000,   0.58400,
,,,00.043000000000,   0.58080,
,,,00.044000000000,   0.58240,
,,,00.045000000000,   0.58240,
,,,00.046000000000,   0.58160,
,,,00.047000000000,   0.58320,
,,,00.048000000000,   0.58400,
,,,00.049000000000,   0.58240,
,,,00.050000000000,   0.58320,
,,,00.051000000000,   0.58400,
,,,00.052000000000,   0.58400,
,,,00.053000000000,   0.58400,
,,,00.054000000000,   0.58400,
,,,00.055000000000,   0.58400,
,,,00.056000000000,   0.58400,
,,,00.057000000000,   0.58560,
,,,00.058000000000,   0.58400,
,,,00.059000000000,   0.58480,
,,,00.060000000000,   0.58480,
,,,00.061000000000,   0.58800,
,,,00.062000000000,   0.58640,
,,,00.063000000000,   0.58560,
,,,00.064000000000,   0.58560,
,,,00.065000000000,   0.58560,
,,,00.066000000000,   0.58720,
,,,00.067000000000,   0.58640,
,,,00.068000000000,   0.58560,
,,,00.069000000000,   0.58640,
,,,00.070000000000,   0.58720,
,,,00.071000000000,   0.58720,
,,,00.072000000000,   0.58560,
,,,00.073000000000,   0.58960,
,,,00.074000000000,   0.58800,
,,,00.075000000000,   0.58720,
,,,00.076000000000,   0.58720,
,,,00.077000000000,   0.58800,
,,,00.078000000000,   0.58880,
,,,00.079000000000,   0.58800,
,,,00.080000000000,   0.59040,
,,,00.081000000000,   0.58880,
,,,00.082000000000,   0.58960,
,,,00.083000000000,   0.58960,
,,,00.084000000000,   0.59120,
,,,00.085000000000,   0.58800,
,,,00.086000000000,   0.58960,
,,,00.087000000000,   0.59040,
,,,00.088000000000,   0.58800,
,,,00.089000000000,   0.58960,
,,,00.090000000000,   0.59120,
,,,00.091000000000,   0.59200,
,,,00.092000000000,   0.59040,
,,,00.093000000000,   0.59040,
,,,00.094000000000,   0.59280,
,,,00.095000000000,   0.59120,
,,,00.096000000000,   0.59040,
,,,00.097000000000,   0.59040,
,,,00.098000000000,   0.59280,
,,,00.099000000000,   0.59200,
,,,00.100000000000,   0.59120,
,,,00.101000000000,   0.59200,
,,,00.102000000000,   0.59360,
,,,00.103000000000,   0.59120,
,,,00.104000000000,   0.59120,
,,,00.105000000000,   0.59360,
,,,00.106000000000,   0.59360,
,,,00.107000000000,   0.59280,
,,,00.108000000000,   0.59360,
,,,00.109000000000,   0.59440,
,,,00.110000000000,   0.59280,
,,,00.111000000000,   0.59280,
,,,00.112000000000,   0.59600,
,,,00.113000000000,   0.59440,
,,,00.114000000000,   0.59360,
,,,00.115000000000,   0.59440,
,,,00.116000000000,   0.59600,
,,,00.117000000000,   0.59440,
,,,00.118000000000,   0.59360,
,,,00.119000000000,   0.59600,
,,,00.120000000000,   0.59520,
,,,00.121000000000,   0.59360,
,,,00.122000000000,   0.59520,
,,,00.123000000000,   0.59360,
,,,00.124000000000,   0.59760,
,,,00.125000000000,   0.59440,
,,,00.126000000000,   0.59600,
,,,00.127000000000,   0.59360,
,,,00.128000000000,   0.59600,
,,,00.129000000000,   0.59680,
,,,00.130000000000,   0.59680,
,,,00.131000000000,   0.59520,
,,,00.132000000000,   0.59680,
,,,00.133000000000,   0.59760,
,,,00.134000000000,   0.59680,
,,,00.135000000000,   0.59760,
,,,00.136000000000,   0.59600,
,,,00.137000000000,   0.59680,
,,,00.138000000000,   0.59440,
,,,00.139000000000,   0.59600,
,,,00.140000000000,   0.59840,
,,,00.141000000000,   0.59680,
,,,00.142000000000,   0.59840,
,,,00.143000000000,   0.59680,
,,,00.144000000000,   0.59840,
,,,00.145000000000,   0.59840,
,,,00.146000000000,   0.59680,
,,,00.147000000000,   0.59760,
,,,00.148000000000,   0.59920,
,,,00.149000000000,   0.60240,
,,,00.150000000000,   0.59840,
,,,00.151000000000,   0.60000,
,,,00.152000000000,   0.59920,
,,,00.153000000000,   0.59920,
,,,00.154000000000,   0.60000,
,,,00.155000000000,   0.60560,
,,,00.156000000000,   0.60000,
,,,00.157000000000,   0.60000,
,,,00.158000000000,   0.60080,
,,,00.159000000000,   0.60240,
,,,00.160000000000,   0.60160,
,,,00.161000000000,   0.60160,
,,,00.162000000000,   0.60240,
,,,00.163000000000,   0.60320,
,,,00.164000000000,   0.60240,
,,,00.165000000000,   0.60160,
,,,00.166000000000,   0.60240,
,,,00.167000000000,   0.60160,
,,,00.168000000000,   0.60080,
,,,00.169000000000,   0.59920,
,,,00.170000000000,   0.60240,
,,,00.171000000000,   0.60240,
,,,00.172000000000,   0.60240,
,,,00.173000000000,   0.60320,
,,,00.174000000000,   0.60240,
,,,00.175000000000,   0.60400,
,,,00.176000000000,   0.60240,
,,,00.177000000000,   0.60240,
,,,00.178000000000,   0.60560,
,,,00.179000000000,   0.60320,
,,,00.180000000000,   0.60320,
,,,00.181000000000,   0.60640,
,,,00.182000000000,   0.60320,
,,,00.183000000000,   0.60160,
,,,00.184000000000,   0.60560,
,,,00.185000000000,   0.60480,
,,,00.186000000000,   0.60480,
,,,00.187000000000,   0.60400,
,,,00.188000000000,   0.60480,
,,,00.189000000000,   0.60480,
,,,00.190000000000,   0.60480,
,,,00.191000000000,   0.60400,
,,,00.192000000000,   0.60640,
,,,00.193000000000,   0.60640,
,,,00.194000000000,   0.60720,
,,,00.195000000000,   0.60560,
,,,00.196000000000,   0.60560,
,,,00.197000000000,   0.60560,
,,,00.198000000000,   0.60400,
,,,00.199000000000,   0.60560,
,,,00.200000000000,   0.60640,
,,,00.201000000000,   0.60640,
,,,00.202000000000,   0.60880,
,,,00.203000000000,   0.60880,
,,,00.204000000000,   0.60880,
,,,00.205000000000,   0.60720,
,,,00.206000000000,   0.60640,
,,,00.207000000000,   0.60800,
,,,00.208000000000,   0.60480,
,,,00.209000000000,   0.60720,
,,,00.210000000000,   0.60560,
,,,00.211000000000,   0.60960,
,,,00.212000000000,   0.60640,
,,,00.213000000000,   0.60480,
,,,00.214000000000,   0.60720,
,,,00.215000000000,   0.61120,
,,,00.216000000000,   0.60880,
,,,00.217000000000,   0.60960,
,,,00.218000000000,   0.60880,
,,,00.219000000000,   0.60800,
,,,00.220000000000,   0.60800,
,,,00.221000000000,   0.60880,
,,,00.222000000000,   0.60880,
,,,00.223000000000,   0.60960,
,,,00.224000000000,   0.61040,
,,,00.225000000000,   0.60880,
,,,00.226000000000,   0.60960,
,,,00.227000000000,   0.61280,
,,,00.228000000000,   0.60880,
,,,00.229000000000,   0.60880,
,,,00.230000000000,   0.60800,
,,,00.231000000000,   0.61040,
,,,00.232000000000,   0.61040,
,,,00.233000000000,   0.60960,
,,,00.234000000000,   0.60880,
,,,00.235000000000,   0.61280,
,,,00.236000000000,   0.60880,
,,,00.237000000000,   0.61040,
,,,00.238000000000,   0.61120,
,,,00.239000000000,   0.60960,
,,,00.240000000000,   0.61040,
,,,00.241000000000,   0.61040,
,,,00.242000000000,   0.60960,
,,,00.243000000000,   0.60960,
,,,00.244000000000,   0.61120,
,,,00.245000000000,   0.60880,
,,,00.246000000000,   0.61440,
,,,00.247000000000,   0.61360,
,,,00.248000000000,   0.61120,
,,,00.249000000000,   0.61120,
,,,00.250000000000,   0.61120,
,,,00.251000000000,   0.61040,
,,,00.252000000000,   0.61040,
,,,00.253000000000,   0.61200,
,,,00.254000000000,   0.61120,
,,,00.255000000000,   0.61200,
,,,00.256000000000,   0.61120,
,,,00.257000000000,   0.61120,
,,,00.258000000000,   0.61200,
,,,00.259000000000,   0.61200,
,,,00.260000000000,   0.61120,
,,,00.261000000000,   0.61280,
,,,00.262000000000,   0.61520,
,,,00.263000000000,   0.61280,
,,,00.264000000000,   0.61200,
,,,00.265000000000,   0.61120,
,,,00.266000000000,   0.61440,
,,,00.267000000000,   0.61120,
,,,00.268000000000,   0.61360,
,,,00.269000000000,   0.61280,
,,,00.270000000000,   0.61200,
,,,00.271000000000,   0.61280,
,,,00.272000000000,   0.61280,
,,,00.273000000000,   0.61440,
,,,00.274000000000,   0.61440,
,,,00.275000000000,   0.61440,
,,,00.276000000000,   0.61360,
,,,00.277000000000,   0.61360,
,,,00.278000000000,   0.61360,
,,,00.279000000000,   0.61360,
,,,00.280000000000,   0.61520,
,,,00.281000000000,   0.61440,
,,,00.282000000000,   0.61360,
,,,00.283000000000,   0.61360,
,,,00.284000000000,   0.61680,
,,,00.285000000000,   0.61360,
,,,00.286000000000,   0.61360,
,,,00.287000000000,   0.61280,
,,,00.288000000000,   0.61440,
,,,00.289000000000,   0.61360,
,,,00.290000000000,   0.61600,
,,,00.291000000000,   0.61520,
,,,00.292000000000,   0.61360,
,,,00.293000000000,   0.61360,
,,,00.294000000000,   0.61280,
,,,00.295000000000,   0.61440,
,,,00.296000000000,   0.61440,
,,,00.297000000000,   0.61440,
,,,00.298000000000,   0.61920,
,,,00.299000000000,   0.61440,
,,,00.300000000000,   0.61680,
,,,00.301000000000,   0.61600,
,,,00.302000000000,   0.61520,
,,,00.303000000000,   0.61520,
,,,00.304000000000,   0.61520,
,,,00.305000000000,   0.61600,
,,,00.306000000000,   0.61760,
,,,00.307000000000,   0.61600,
,,,00.308000000000,   0.61760,
,,,00.309000000000,   0.61760,
,,,00.310000000000,   0.61440,
,,,00.311000000000,   0.61680,
,,,00.312000000000,   0.61600,
,,,00.313000000000,   0.61600,
,,,00.314000000000,   0.61680,
,,,00.315000000000,   0.61520,
,,,00.316000000000,   0.61600,
,,,00.317000000000,   0.61680,
,,,00.318000000000,   0.61680,
,,,00.319000000000,   0.61840,
,,,00.320000000000,   0.61680,
,,,00.321000000000,   0.61600,
,,,00.322000000000,   0.61760,
,,,00.323000000000,   0.61680,
,,,00.324000000000,   0.61840,
,,,00.325000000000,   0.61600,
,,,00.326000000000,   0.61600,
,,,00.327000000000,   0.61600,
,,,00.328000000000,   0.61760,
,,,00.329000000000,   0.61760,
,,,00.330000000000,   0.61600,
,,,00.331000000000,   0.61760,
,,,00.332000000000,   0.61760,
,,,00.333000000000,   0.61840,
,,,00.334000000000,   0.61680,
,,,00.335000000000,   0.61760,
,,,00.336000000000,   0.61840,
,,,00.337000000000,   0.61760,
,,,00.338000000000,   0.61920,
,,,00.339000000000,   0.61760,
,,,00.340000000000,   0.61760,
,,,00.341000000000,   0.61840,
,,,00.342000000000,   0.61840,
,,,00.343000000000,   0.62080,
,,,00.344000000000,   0.62000,
,,,00.345000000000,   0.61920,
,,,00.346000000000,   0.61920,
,,,00.347000000000,   0.62000,
,,,00.348000000000,   0.61760,
,,,00.349000000000,   0.61840,
,,,00.350000000000,   0.61760,
,,,00.351000000000,   0.62080,
,,,00.352000000000,   0.61920,
,,,00.353000000000,   0.61840,
,,,00.354000000000,   0.61840,
,,,00.355000000000,   0.62000,
,,,00.356000000000,   0.61920,
,,,00.357000000000,   0.62080,
,,,00.358000000000,   0.62000,
,,,00.359000000000,   0.62000,
,,,00.360000000000,   0.62160,
,,,00.361000000000,   0.61920,
,,,00.362000000000,   0.61920,
,,,00.363000000000,   0.61920,
,,,00.364000000000,   0.62160,
,,,00.365000000000,   0.61920,
,,,00.366000000000,   0.62080,
,,,00.367000000000,   0.62000,
,,,00.368000000000,   0.62080,
,,,00.369000000000,   0.62000,
,,,00.370000000000,   0.62080,
,,,00.371000000000,   0.62240,
,,,00.372000000000,   0.62000,
,,,00.373000000000,   0.62160,
,,,00.374000000000,   0.62080,
,,,00.375000000000,   0.62080,
,,,00.376000000000,   0.62080,
,,,00.377000000000,   0.62000,
,,,00.378000000000,   0.62080,
,,,00.379000000000,   0.62080,
,,,00.380000000000,   0.62080,
,,,00.381000000000,   0.62080,
,,,00.382000000000,   0.62080,
,,,00.383000000000,   0.62080,
,,,00.384000000000,   0.62240,
,,,00.385000000000,   0.62000,
,,,00.386000000000,   0.62240,
,,,00.387000000000,   0.62080,
,,,00.388000000000,   0.62160,
,,,00.389000000000,   0.62400,
,,,00.390000000000,   0.62160,
,,,00.391000000000,   0.62240,
,,,00.392000000000,   0.62080,
,,,00.393000000000,   0.62080,
,,,00.394000000000,   0.62000,
,,,00.395000000000,   0.62080,
,,,00.396000000000,   0.62160,
,,,00.397000000000,   0.62080,
,,,00.398000000000,   0.62320,
,,,00.399000000000,   0.62160,
,,,00.400000000000,   0.62080,
,,,00.401000000000,   0.62080,
,,,00.402000000000,   0.62240,
,,,00.403000000000,   0.62240,
,,,00.404000000000,   0.62160,
,,,00.405000000000,   0.62240,
,,,00.406000000000,   0.62080,
,,,00.407000000000,   0.62400,
,,,00.408000000000,   0.62320,
,,,00.409000000000,   0.62240,
,,,00.410000000000,   0.62320,
,,,00.411000000000,   0.62240,
,,,00.412000000000,   0.62240,
,,,00.413000000000,   0.62320,
,,,00.414000000000,   0.62320,
,,,00.415000000000,   0.62320,
,,,00.416000000000,   0.62480,
,,,00.417000000000,   0.62320,
,,,00.418000000000,   0.62400,
,,,00.419000000000,   0.62240,
,,,00.420000000000,   0.62160,
,,,00.421000000000,   0.62400,
,,,00.422000000000,   0.62400,
,,,00.423000000000,   0.62400,
,,,00.424000000000,   0.62480,
,,,00.425000000000,   0.62320,
,,,00.426000000000,   0.62480,
,,,00.427000000000,   0.62400,
,,,00.428000000000,   0.62320,
,,,00.429000000000,   0.62480,
,,,00.430000000000,   0.62400,
,,,00.431000000000,   0.62400,
,,,00.432000000000,   0.62400,
,,,00.433000000000,   0.62320,
,,,00.434000000000,   0.62400,
,,,00.435000000000,   0.62640,
,,,00.436000000000,   0.62400,
,,,00.437000000000,   0.62560,
,,,00.438000000000,   0.62320,
,,,00.439000000000,   0.62400,
,,,00.440000000000,   0.62400,
,,,00.441000000000,   0.62320,
,,,00.442000000000,   0.62480,
,,,00.443000000000,   0.62480,
,,,00.444000000000,   0.62560,
,,,00.445000000000,   0.62400,
,,,00.446000000000,   0.62560,
,,,00.447000000000,   0.62640,
,,,00.448000000000,   0.62480,
,,,00.449000000000,   0.62320,
,,,00.450000000000,   0.62480,
,,,00.451000000000,   0.62720,
,,,00.452000000000,   0.62800,
,,,00.453000000000,   0.62480,
,,,00.454000000000,   0.62400,
,,,00.455000000000,   0.62640,
,,,00.456000000000,   0.62480,
,,,00.457000000000,   0.62480,
,,,00.458000000000,   0.62640,
,,,00.459000000000,   0.62640,
,,,00.460000000000,   0.62560,
,,,00.461000000000,   0.62480,
,,,00.462000000000,   0.62720,
,,,00.463000000000,   0.62400,
,,,00.464000000000,   0.62640,
,,,00.465000000000,   0.62560,
,,,00.466000000000,   0.62640,
,,,00.467000000000,   0.62560,
,,,00.468000000000,   0.62560,
,,,00.469000000000,   0.62560,
,,,00.470000000000,   0.62720,
,,,00.471000000000,   0.62640,
,,,00.472000000000,   0.62560,
,,,00.473000000000,   0.62560,
,,,00.474000000000,   0.62800,
,,,00.475000000000,   0.62640,
,,,00.476000000000,   0.62480,
,,,00.477000000000,   0.62640,
,,,00.478000000000,   0.62640,
,,,00.479000000000,   0.62560,
,,,00.480000000000,   0.62240,
,,,00.481000000000,   0.62480,
,,,00.482000000000,   0.62400,
,,,00.483000000000,   0.62640,
,,,00.484000000000,   0.62480,
,,,00.485000000000,   0.62720,
,,,00.486000000000,   0.62640,
,,,00.487000000000,   0.62720,
,,,00.488000000000,   0.62640,
,,,00.489000000000,   0.62560,
,,,00.490000000000,   0.62720,
,,,00.491000000000,   0.62640,
,,,00.492000000000,   0.62640,
,,,00.493000000000,   0.62720,
,,,00.494000000000,   0.62720,
,,,00.495000000000,   0.62560,
,,,00.496000000000,   0.62400,
,,,00.497000000000,   0.62800,
,,,00.498000000000,   0.62640,
,,,00.499000000000,   0.62800,
,,,00.500000000000,   0.62560,
,,,00.501000000000,   0.62800,
,,,00.502000000000,   0.62880,
,,,00.503000000000,   0.62560,
,,,00.504000000000,   0.62640,
,,,00.505000000000,   0.62640,
,,,00.506000000000,   0.62720,
,,,00.507000000000,   0.62800,
,,,00.508000000000,   0.62800,
,,,00.509000000000,   0.62720,
,,,00.510000000000,   0.62960,
,,,00.511000000000,   0.62880,
,,,00.512000000000,   0.62800,
,,,00.513000000000,   0.62800,
,,,00.514000000000,   0.62480,
,,,00.515000000000,   0.62640,
,,,00.516000000000,   0.62720,
,,,00.517000000000,   0.62560,
,,,00.518000000000,   0.63040,
,,,00.519000000000,   0.62960,
,,,00.520000000000,   0.62720,
,,,00.521000000000,   0.63360,
,,,00.522000000000,   0.62800,
,,,00.523000000000,   0.62800,
,,,00.524000000000,   0.62960,
,,,00.525000000000,   0.62880,
,,,00.526000000000,   0.62880,
,,,00.527000000000,   0.62800,
,,,00.528000000000,   0.62560,
,,,00.529000000000,   0.62720,
,,,00.530000000000,   0.63200,
,,,00.531000000000,   0.62880,
,,,00.532000000000,   0.62960,
,,,00.533000000000,   0.63120,
,,,00.534000000000,   0.62960,
,,,00.535000000000,   0.62640,
,,,00.536000000000,   0.62720,
,,,00.537000000000,   0.62960,
,,,00.538000000000,   0.63200,
,,,00.539000000000,   0.62880,
,,,00.540000000000,   0.62800,
,,,00.541000000000,   0.62880,
,,,00.542000000000,   0.62800,
,,,00.543000000000,   0.63040,
,,,00.544000000000,   0.62960,
,,,00.545000000000,   0.62960,
,,,00.546000000000,   0.63280,
,,,00.547000000000,   0.63040,
,,,00.548000000000,   0.62960,
,,,00.549000000000,   0.63040,
,,,00.550000000000,   0.63120,
,,,00.551000000000,   0.62960,
,,,00.552000000000,   0.62960,
,,,00.553000000000,   0.63040,
,,,00.554000000000,   0.62880,
,,,00.555000000000,   0.62960,
,,,00.556000000000,   0.63200,
,,,00.557000000000,   0.63200,
,,,00.558000000000,   0.62960,
,,,00.559000000000,   0.63120,
,,,00.560000000000,   0.62880,
,,,00.561000000000,   0.63200,
,,,00.562000000000,   0.63120,
,,,00.563000000000,   0.62880,
,,,00.564000000000,   0.62960,
,,,00.565000000000,   0.63040,
,,,00.566000000000,   0.63040,
,,,00.567000000000,   0.62960,
,,,00.568000000000,   0.62960,
,,,00.569000000000,   0.63200,
,,,00.570000000000,   0.63280,
,,,00.571000000000,   0.62960,
,,,00.572000000000,   0.63200,
,,,00.573000000000,   0.63120,
,,,00.574000000000,   0.62960,
,,,00.575000000000,   0.63040,
,,,00.576000000000,   0.62880,
,,,00.577000000000,   0.62960,
,,,00.578000000000,   0.63200,
,,,00.579000000000,   0.62960,
,,,00.580000000000,   0.63440,
,,,00.581000000000,   0.63040,
,,,00.582000000000,   0.63120,
,,,00.583000000000,   0.63120,
,,,00.584000000000,   0.63040,
,,,00.585000000000,   0.62960,
,,,00.586000000000,   0.62960,
,,,00.587000000000,   0.63120,
,,,00.588000000000,   0.63040,
,,,00.589000000000,   0.63040,
,,,00.590000000000,   0.63120,
,,,00.591000000000,   0.63120,
,,,00.592000000000,   0.62960,
,,,00.593000000000,   0.62960,
,,,00.594000000000,   0.62960,
,,,00.595000000000,   0.62960,
,,,00.596000000000,   0.63280,
,,,00.597000000000,   0.63200,
,,,00.598000000000,   0.62960,
,,,00.599000000000,   0.63200,
,,,00.600000000000,   0.63040,
,,,00.601000000000,   0.62960,
,,,00.602000000000,   0.63120,
,,,00.603000000000,   0.62880,
,,,00.604000000000,   0.63120,
,,,00.605000000000,   0.62960,
,,,00.606000000000,   0.63120,
,,,00.607000000000,   0.63040,
,,,00.608000000000,   0.63040,
,,,00.609000000000,   0.63120,
,,,00.610000000000,   0.63360,
,,,00.611000000000,   0.63120,
,,,00.612000000000,   0.63360,
,,,00.613000000000,   0.63040,
,,,00.614000000000,   0.63280,
,,,00.615000000000,   0.63120,
,,,00.616000000000,   0.63120,
,,,00.617000000000,   0.63040,
,,,00.618000000000,   0.63120,
,,,00.619000000000,   0.63120,
,,,00.620000000000,   0.62960,
,,,00.621000000000,   0.63120,
,,,00.622000000000,   0.63200,
,,,00.623000000000,   0.63040,
,,,00.624000000000,   0.63200,
,,,00.625000000000,   0.63040,
,,,00.626000000000,   0.63120,
,,,00.627000000000,   0.63200,
,,,00.628000000000,   0.62880,
,,,00.629000000000,   0.63200,
,,,00.630000000000,   0.63200,
,,,00.631000000000,   0.63040,
,,,00.632000000000,   0.63120,
,,,00.633000000000,   0.63120,
,,,00.634000000000,   0.63120,
,,,00.635000000000,   0.63120,
,,,00.636000000000,   0.63120,
,,,00.637000000000,   0.63280,
,,,00.638000000000,   0.63040,
,,,00.639000000000,   0.63280,
,,,00.640000000000,   0.63040,
,,,00.641000000000,   0.63120,
,,,00.642000000000,   0.63200,
,,,00.643000000000,   0.63200,
,,,00.644000000000,   0.63200,
,,,00.645000000000,   0.63120,
,,,00.646000000000,   0.63200,
,,,00.647000000000,   0.63120,
,,,00.648000000000,   0.63200,
,,,00.649000000000,   0.63040,
,,,00.650000000000,   0.63120,
,,,00.651000000000,   0.63120,
,,,00.652000000000,   0.63280,
,,,00.653000000000,   0.62960,
,,,00.654000000000,   0.63200,
,,,00.655000000000,   0.63280,
,,,00.656000000000,   0.63120,
,,,00.657000000000,   0.63120,
,,,00.658000000000,   0.63040,
,,,00.659000000000,   0.63200,
,,,00.660000000000,   0.63200,
,,,00.661000000000,   0.63280,
,,,00.662000000000,   0.63040,
,,,00.663000000000,   0.63200,
,,,00.664000000000,   0.63280,
,,,00.665000000000,   0.63120,
,,,00.666000000000,   0.63040,
,,,00.667000000000,   0.63040,
,,,00.668000000000,   0.63040,
,,,00.669000000000,   0.63040,
,,,00.670000000000,   0.63200,
,,,00.671000000000,   0.63040,
,,,00.672000000000,   0.63040,
,,,00.673000000000,   0.63600,
,,,00.674000000000,   0.63200,
,,,00.675000000000,   0.63200,
,,,00.676000000000,   0.63200,
,,,00.677000000000,   0.63120,
,,,00.678000000000,   0.63120,
,,,00.679000000000,   0.63280,
,,,00.680000000000,   0.63120,
,,,00.681000000000,   0.63120,
,,,00.682000000000,   0.63040,
,,,00.683000000000,   0.63200,
,,,00.684000000000,   0.63120,
,,,00.685000000000,   0.63120,
,,,00.686000000000,   0.63200,
,,,00.687000000000,   0.63120,
,,,00.688000000000,   0.63280,
,,,00.689000000000,   0.63120,
,,,00.690000000000,   0.63600,
,,,00.691000000000,   0.63360,
,,,00.692000000000,   0.63280,
,,,00.693000000000,   0.63200,
,,,00.694000000000,   0.63040,
,,,00.695000000000,   0.63200,
,,,00.696000000000,   0.63120,
,,,00.697000000000,   0.63280,
,,,00.698000000000,   0.63120,
,,,00.699000000000,   0.63120,
,,,00.700000000000,   0.63120,
,,,00.701000000000,   0.63280,
,,,00.702000000000,   0.63120,
,,,00.703000000000,   0.63280,
,,,00.704000000000,   0.63280,
,,,00.705000000000,   0.63200,
,,,00.706000000000,   0.63360,
,,,00.707000000000,   0.63360,
,,,00.708000000000,   0.63200,
,,,00.709000000000,   0.63120,
,,,00.710000000000,   0.63200,
,,,00.711000000000,   0.63200,
,,,00.712000000000,   0.63280,
,,,00.713000000000,   0.63120,
,,,00.714000000000,   0.63600,
,,,00.715000000000,   0.63360,
,,,00.716000000000,   0.63120,
,,,00.717000000000,   0.63200,
,,,00.718000000000,   0.63280,
,,,00.719000000000,   0.63120,
,,,00.720000000000,   0.63120,
,,,00.721000000000,   0.63280,
,,,00.722000000000,   0.63200,
,,,00.723000000000,   0.63200,
,,,00.724000000000,   0.63440,
,,,00.725000000000,   0.63280,
,,,00.726000000000,   0.63280,
,,,00.727000000000,   0.63040,
,,,00.728000000000,   0.63200,
,,,00.729000000000,   0.63280,
,,,00.730000000000,   0.63360,
,,,00.731000000000,   0.63280,
,,,00.732000000000,   0.63280,
,,,00.733000000000,   0.63280,
,,,00.734000000000,   0.63280,
,,,00.735000000000,   0.63280,
,,,00.736000000000,   0.63280,
,,,00.737000000000,   0.63280,
,,,00.738000000000,   0.63280,
,,,00.739000000000,   0.63200,
,,,00.740000000000,   0.63280,
,,,00.741000000000,   0.63200,
,,,00.742000000000,   0.63280,
,,,00.743000000000,   0.63280,
,,,00.744000000000,   0.63200,
,,,00.745000000000,   0.63360,
,,,00.746000000000,   0.63360,
,,,00.747000000000,   0.63280,
,,,00.748000000000,   0.63280,
,,,00.749000000000,   0.63200,
,,,00.750000000000,   0.63280,
,,,00.751000000000,   0.63280,
,,,00.752000000000,   0.63360,
,,,00.753000000000,   0.63280,
,,,00.754000000000,   0.63360,
,,,00.755000000000,   0.63200,
,,,00.756000000000,   0.63360,
,,,00.757000000000,   0.63280,
,,,00.758000000000,   0.63200,
,,,00.759000000000,   0.63280,
,,,00.760000000000,   0.63360,
,,,00.761000000000,   0.63280,
,,,00.762000000000,   0.63200,
,,,00.763000000000,   0.63200,
,,,00.764000000000,   0.63280,
,,,00.765000000000,   0.63280,
,,,00.766000000000,   0.63120,
,,,00.767000000000,   0.63280,
,,,00.768000000000,   0.63360,
,,,00.769000000000,   0.63280,
,,,00.770000000000,   0.63360,
,,,00.771000000000,   0.63200,
,,,00.772000000000,   0.63360,
,,,00.773000000000,   0.63280,
,,,00.774000000000,   0.63280,
,,,00.775000000000,   0.63280,
,,,00.776000000000,   0.63360,
,,,00.777000000000,   0.63360,
,,,00.778000000000,   0.63360,
,,,00.779000000000,   0.63280,
,,,00.780000000000,   0.63360,
,,,00.781000000000,   0.63360,
,,,00.782000000000,   0.63360,
,,,00.783000000000,   0.63360,
,,,00.784000000000,   0.63360,
,,,00.785000000000,   0.63360,
,,,00.786000000000,   0.63360,
,,,00.787000000000,   0.63360,
,,,00.788000000000,   0.63360,
,,,00.789000000000,   0.63440,
,,,00.790000000000,   0.63440,
,,,00.791000000000,   0.63280,
,,,00.792000000000,   0.63280,
,,,00.793000000000,   0.63360,
,,,00.794000000000,   0.63360,
,,,00.795000000000,   0.63280,
,,,00.796000000000,   0.63280,
,,,00.797000000000,   0.63520,
,,,00.798000000000,   0.63360,
,,,00.799000000000,   0.63520,
,,,00.800000000000,   0.63360,
,,,00.801000000000,   0.63360,
,,,00.802000000000,   0.63280,
,,,00.803000000000,   0.63280,
,,,00.804000000000,   0.63440,
,,,00.805000000000,   0.63600,
,,,00.806000000000,   0.63440,
,,,00.807000000000,   0.63360,
,,,00.808000000000,   0.63520,
,,,00.809000000000,   0.63280,
,,,00.810000000000,   0.63280,
,,,00.811000000000,   0.63360,
,,,00.812000000000,   0.63440,
,,,00.813000000000,   0.63280,
,,,00.814000000000,   0.63440,
,,,00.815000000000,   0.63360,
,,,00.816000000000,   0.63360,
,,,00.817000000000,   0.63360,
,,,00.818000000000,   0.63440,
,,,00.819000000000,   0.63440,
,,,00.820000000000,   0.63440,
,,,00.821000000000,   0.63280,
,,,00.822000000000,   0.63520,
,,,00.823000000000,   0.63440,
,,,00.824000000000,   0.63360,
,,,00.825000000000,   0.63120,
,,,00.826000000000,   0.63360,
,,,00.827000000000,   0.63360,
,,,00.828000000000,   0.63440,
,,,00.829000000000,   0.63360,
,,,00.830000000000,   0.63360,
,,,00.831000000000,   0.63440,
,,,00.832000000000,   0.63200,
,,,00.833000000000,   0.63440,
,,,00.834000000000,   0.63200,
,,,00.835000000000,   0.63520,
,,,00.836000000000,   0.63440,
,,,00.837000000000,   0.63200,
,,,00.838000000000,   0.63360,
,,,00.839000000000,   0.63440,
,,,00.840000000000,   0.63200,
,,,00.841000000000,   0.63280,
,,,00.842000000000,   0.63360,
,,,00.843000000000,   0.63600,
,,,00.844000000000,   0.63280,
,,,00.845000000000,   0.63360,
,,,00.846000000000,   0.63440,
,,,00.847000000000,   0.63520,
,,,00.848000000000,   0.63440,
,,,00.849000000000,   0.63440,
,,,00.850000000000,   0.63440,
,,,00.851000000000,   0.63360,
,,,00.852000000000,   0.63360,
,,,00.853000000000,   0.63280,
,,,00.854000000000,   0.63600,
,,,00.855000000000,   0.63520,
,,,00.856000000000,   0.63360,
,,,00.857000000000,   0.63440,
,,,00.858000000000,   0.63520,
,,,00.859000000000,   0.63360,
,,,00.860000000000,   0.63360,
,,,00.861000000000,   0.63440,
,,,00.862000000000,   0.63520,
,,,00.863000000000,   0.63440,
,,,00.864000000000,   0.63440,
,,,00.865000000000,   0.63600,
,,,00.866000000000,   0.63520,
,,,00.867000000000,   0.63280,
,,,00.868000000000,   0.63600,
,,,00.869000000000,   0.63840,
,,,00.870000000000,   0.63440,
,,,00.871000000000,   0.63520,
,,,00.872000000000,   0.63440,
,,,00.873000000000,   0.63360,
,,,00.874000000000,   0.63520,
,,,00.875000000000,   0.63360,
,,,00.876000000000,   0.63520,
,,,00.877000000000,   0.63440,
,,,00.878000000000,   0.63440,
,,,00.879000000000,   0.63680,
,,,00.880000000000,   0.63440,
,,,00.881000000000,   0.63360,
,,,00.882000000000,   0.63360,
,,,00.883000000000,   0.63360,
,,,00.884000000000,   0.63360,
,,,00.885000000000,   0.63520,
,,,00.886000000000,   0.63360,
,,,00.887000000000,   0.63680,
,,,00.888000000000,   0.63600,
,,,00.889000000000,   0.63520,
,,,00.890000000000,   0.63520,
,,,00.891000000000,   0.63680,
,,,00.892000000000,   0.63600,
,,,00.893000000000,   0.63360,
,,,00.894000000000,   0.63520,
,,,00.895000000000,   0.63760,
,,,00.896000000000,   0.63520,
,,,00.897000000000,   0.63520,
,,,00.898000000000,   0.63600,
,,,00.899000000000,   0.63600,
,,,00.900000000000,   0.63440,
,,,00.901000000000,   0.63520,
,,,00.902000000000,   0.63600,
,,,00.903000000000,   0.63760,
,,,00.904000000000,   0.63440,
,,,00.905000000000,   0.63520,
,,,00.906000000000,   0.63600,
,,,00.907000000000,   0.63920,
,,,00.908000000000,   0.63760,
,,,00.909000000000,   0.63760,
,,,00.910000000000,   0.63600,
,,,00.911000000000,   0.63680,
,,,00.912000000000,   0.63440,
,,,00.913000000000,   0.63440,
,,,00.914000000000,   0.63680,
,,,00.915000000000,   0.63680,
,,,00.916000000000,   0.63760,
,,,00.917000000000,   0.63600,
,,,00.918000000000,   0.63680,
,,,00.919000000000,   0.63840,
,,,00.920000000000,   0.63920,
,,,00.921000000000,   0.63760,
,,,00.922000000000,   0.63360,
,,,00.923000000000,   0.63680,
,,,00.924000000000,   0.63680,
,,,00.925000000000,   0.63600,
,,,00.926000000000,   0.64160,
,,,00.927000000000,   0.63680,
,,,00.928000000000,   0.63520,
,,,00.929000000000,   0.63680,
,,,00.930000000000,   0.63680,
,,,00.931000000000,   0.63600,
,,,00.932000000000,   0.63520,
,,,00.933000000000,   0.63600,
,,,00.934000000000,   0.63600,
,,,00.935000000000,   0.63520,
,,,00.936000000000,   0.63600,
,,,00.937000000000,   0.63760,
,,,00.938000000000,   0.63520,
,,,00.939000000000,   0.63600,
,,,00.940000000000,   0.63600,
,,,00.941000000000,   0.63520,
,,,00.942000000000,   0.63680,
,,,00.943000000000,   0.63600,
,,,00.944000000000,   0.63600,
,,,00.945000000000,   0.63600,
,,,00.946000000000,   0.63440,
,,,00.947000000000,   0.63680,
,,,00.948000000000,   0.63680,
,,,00.949000000000,   0.63680,
,,,00.950000000000,   0.63600,
,,,00.951000000000,   0.63600,
,,,00.952000000000,   0.63600,
,,,00.953000000000,   0.63440,
,,,00.954000000000,   0.63600,
,,,00.955000000000,   0.63520,
,,,00.956000000000,   0.63360,
,,,00.957000000000,   0.63600,
,,,00.958000000000,   0.63360,
,,,00.959000000000,   0.63600,
,,,00.960000000000,   0.63600,
,,,00.961000000000,   0.63440,
,,,00.962000000000,   0.63440,
,,,00.963000000000,   0.63520,
,,,00.964000000000,   0.63440,
,,,00.965000000000,   0.63680,
,,,00.966000000000,   0.63520,
,,,00.967000000000,   0.63600,
,,,00.968000000000,   0.63600,
,,,00.969000000000,   0.64000,
,,,00.970000000000,   0.63520,
,,,00.971000000000,   0.63440,
,,,00.972000000000,   0.63680,
,,,00.973000000000,   0.63520,
,,,00.974000000000,   0.63600,
,,,00.975000000000,   0.63600,
,,,00.976000000000,   0.63600,
,,,00.977000000000,   0.63600,
,,,00.978000000000,   0.63600,
,,,00.979000000000,   0.63520,
,,,00.980000000000,   0.63440,
,,,00.981000000000,   0.63520,
,,,00.982000000000,   0.63680,
,,,00.983000000000,   0.63600,
,,,00.984000000000,   0.63600,
,,,00.985000000000,   0.63600,
,,,00.986000000000,   0.63760,
,,,00.987000000000,   0.63680,
,,,00.988000000000,   0.63520,
,,,00.989000000000,   0.63520,
,,,00.990000000000,   0.63600,
,,,00.991000000000,   0.63520,
,,,00.992000000000,   0.63600,
,,,00.993000000000,   0.63520,
,,,00.994000000000,   0.63600,
,,,00.995000000000,   0.63600,
,,,00.996000000000,   0.63600,
,,,00.997000000000,   0.63520,
,,,00.998000000000,   0.63600,
,,,00.999000000000,   0.63920,
,,,01.000000000000,   0.63520,
,,,01.001000000000,   0.63600,
,,,01.002000000000,   0.63520,
,,,01.003000000000,   0.63600,
,,,01.004000000000,   0.63600,
,,,01.005000000000,   0.63520,
,,,01.006000000000,   0.63520,
,,,01.007000000000,   0.63600,
,,,01.008000000000,   0.63520,
,,,01.009000000000,   0.63600,
,,,01.010000000000,   0.63600,
,,,01.011000000000,   0.63600,
,,,01.012000000000,   0.63600,
,,,01.013000000000,   0.63440,
,,,01.014000000000,   0.63520,
,,,01.015000000000,   0.63600,
,,,01.016000000000,   0.63680,
,,,01.017000000000,   0.63600,
,,,01.018000000000,   0.63600,
,,,01.019000000000,   0.63600,
,,,01.020000000000,   0.63680,
,,,01.021000000000,   0.63520,
,,,01.022000000000,   0.63600,
,,,01.023000000000,   0.63440,
,,,01.024000000000,   0.63600,
,,,01.025000000000,   0.63440,
,,,01.026000000000,   0.63520,
,,,01.027000000000,   0.63760,
,,,01.028000000000,   0.63600,
,,,01.029000000000,   0.63680,
,,,01.030000000000,   0.63600,
,,,01.031000000000,   0.63600,
,,,01.032000000000,   0.63600,
,,,01.033000000000,   0.63760,
,,,01.034000000000,   0.63600,
,,,01.035000000000,   0.63600,
,,,01.036000000000,   0.63600,
,,,01.037000000000,   0.63600,
,,,01.038000000000,   0.63600,
,,,01.039000000000,   0.63600,
,,,01.040000000000,   0.63680,
,,,01.041000000000,   0.63680,
,,,01.042000000000,   0.63600,
,,,01.043000000000,   0.63520,
,,,01.044000000000,   0.63520,
,,,01.045000000000,   0.63680,
,,,01.046000000000,   0.63440,
,,,01.047000000000,   0.63760,
,,,01.048000000000,   0.63600,
,,,01.049000000000,   0.63680,
,,,01.050000000000,   0.63680,
,,,01.051000000000,   0.63680,
,,,01.052000000000,   0.63440,
,,,01.053000000000,   0.63680,
,,,01.054000000000,   0.63760,
,,,01.055000000000,   0.63520,
,,,01.056000000000,   0.63520,
,,,01.057000000000,   0.63680,
,,,01.058000000000,   0.63600,
,,,01.059000000000,   0.63760,
,,,01.060000000000,   0.63760,
,,,01.061000000000,   0.63360,
,,,01.062000000000,   0.63680,
,,,01.063000000000,   0.63440,
,,,01.064000000000,   0.63680,
,,,01.065000000000,   0.63680,
,,,01.066000000000,   0.63520,
,,,01.067000000000,   0.63600,
,,,01.068000000000,   0.63520,
,,,01.069000000000,   0.63520,
,,,01.070000000000,   0.63680,
,,,01.071000000000,   0.63680,
,,,01.072000000000,   0.63520,
,,,01.073000000000,   0.63680,
,,,01.074000000000,   0.63680,
,,,01.075000000000,   0.63520,
,,,01.076000000000,   0.63600,
,,,01.077000000000,   0.63600,
,,,01.078000000000,   0.63680,
,,,01.079000000000,   0.63680,
,,,01.080000000000,   0.63760,
,,,01.081000000000,   0.63680,
,,,01.082000000000,   0.63600,
,,,01.083000000000,   0.63840,
,,,01.084000000000,   0.63760,
,,,01.085000000000,   0.63760,
,,,01.086000000000,   0.63680,
,,,01.087000000000,   0.63520,
,,,01.088000000000,   0.63520,
,,,01.089000000000,   0.63520,
,,,01.090000000000,   0.63680,
,,,01.091000000000,   0.63680,
,,,01.092000000000,   0.63520,
,,,01.093000000000,   0.63680,
,,,01.094000000000,   0.63520,
,,,01.095000000000,   0.63600,
,,,01.096000000000,   0.63600,
,,,01.097000000000,   0.63680,
,,,01.098000000000,   0.63680,
,,,01.099000000000,   0.63520,
,,,01.100000000000,   0.63600,
,,,01.101000000000,   0.63680,
,,,01.102000000000,   0.63680,
,,,01.103000000000,   0.63680,
,,,01.104000000000,   0.63920,
,,,01.105000000000,   0.63600,
,,,01.106000000000,   0.63680,
,,,01.107000000000,   0.63600,
,,,01.108000000000,   0.63760,
,,,01.109000000000,   0.63600,
,,,01.110000000000,   0.63600,
,,,01.111000000000,   0.63600,
,,,01.112000000000,   0.63760,
,,,01.113000000000,   0.63680,
,,,01.114000000000,   0.63680,
,,,01.115000000000,   0.63840,
,,,01.116000000000,   0.63600,
,,,01.117000000000,   0.63680,
,,,01.118000000000,   0.63680,
,,,01.119000000000,   0.63760,
,,,01.120000000000,   0.63600,
,,,01.121000000000,   0.63520,
,,,01.122000000000,   0.63760,
,,,01.123000000000,   0.63760,
,,,01.124000000000,   0.63600,
,,,01.125000000000,   0.63760,
,,,01.126000000000,   0.63680,
,,,01.127000000000,   0.63680,
,,,01.128000000000,   0.63760,
,,,01.129000000000,   0.63600,
,,,01.130000000000,   0.63840,
,,,01.131000000000,   0.63680,
,,,01.132000000000,   0.63520,
,,,01.133000000000,   0.63600,
,,,01.134000000000,   0.63360,
,,,01.135000000000,   0.63600,
,,,01.136000000000,   0.63600,
,,,01.137000000000,   0.63680,
,,,01.138000000000,   0.63680,
,,,01.139000000000,   0.63760,
,,,01.140000000000,   0.63760,
,,,01.141000000000,   0.63520,
,,,01.142000000000,   0.63760,
,,,01.143000000000,   0.63680,
,,,01.144000000000,   0.63680,
,,,01.145000000000,   0.63680,
,,,01.146000000000,   0.63600,
,,,01.147000000000,   0.63600,
,,,01.148000000000,   0.63600,
,,,01.149000000000,   0.63600,
,,,01.150000000000,   0.63680,
,,,01.151000000000,   0.63600,
,,,01.152000000000,   0.63760,
,,,01.153000000000,   0.63840,
,,,01.154000000000,   0.63760,
,,,01.155000000000,   0.63600,
,,,01.156000000000,   0.63680,
,,,01.157000000000,   0.63680,
,,,01.158000000000,   0.63680,
,,,01.159000000000,   0.63600,
,,,01.160000000000,   0.63920,
,,,01.161000000000,   0.63760,
,,,01.162000000000,   0.63680,
,,,01.163000000000,   0.63600,
,,,01.164000000000,   0.63760,
,,,01.165000000000,   0.63680,
,,,01.166000000000,   0.63440,
,,,01.167000000000,   0.63680,
,,,01.168000000000,   0.63760,
,,,01.169000000000,   0.63760,
,,,01.170000000000,   0.63760,
,,,01.171000000000,   0.63680,
,,,01.172000000000,   0.63600,
,,,01.173000000000,   0.63760,
,,,01.174000000000,   0.63840,
,,,01.175000000000,   0.63760,
,,,01.176000000000,   0.64080,
,,,01.177000000000,   0.63360,
,,,01.178000000000,   0.63680,
,,,01.179000000000,   0.63760,
,,,01.180000000000,   0.63600,
,,,01.181000000000,   0.63840,
,,,01.182000000000,   0.63600,
,,,01.183000000000,   0.63440,
,,,01.184000000000,   0.63440,
,,,01.185000000000,   0.63600,
,,,01.186000000000,   0.63600,
,,,01.187000000000,   0.63600,
,,,01.188000000000,   0.63520,
,,,01.189000000000,   0.63600,
,,,01.190000000000,   0.63840,
,,,01.191000000000,   0.63520,
,,,01.192000000000,   0.63600,
,,,01.193000000000,   0.63680,
,,,01.194000000000,   0.63440,
,,,01.195000000000,   0.63760,
,,,01.196000000000,   0.63760,
,,,01.197000000000,   0.63680,
,,,01.198000000000,   0.63440,
,,,01.199000000000,   0.63920,
,,,01.200000000000,   0.63920,
,,,01.201000000000,   0.63760,
,,,01.202000000000,   0.63680,
,,,01.203000000000,   0.63600,
,,,01.204000000000,   0.63680,
,,,01.205000000000,   0.63680,
,,,01.206000000000,   0.63600,
,,,01.207000000000,   0.63840,
,,,01.208000000000,   0.63920,
,,,01.209000000000,   0.63520,
,,,01.210000000000,   0.63840,
,,,01.211000000000,   0.63760,
,,,01.212000000000,   0.63600,
,,,01.213000000000,   0.63600,
,,,01.214000000000,   0.63680,
,,,01.215000000000,   0.63760,
,,,01.216000000000,   0.63680,
,,,01.217000000000,   0.63520,
,,,01.218000000000,   0.63680,
,,,01.219000000000,   0.63600,
,,,01.220000000000,   0.63680,
,,,01.221000000000,   0.63840,
,,,01.222000000000,   0.63680,
,,,01.223000000000,   0.63360,
,,,01.224000000000,   0.63600,
,,,01.225000000000,   0.63680,
,,,01.226000000000,   0.63680,
,,,01.227000000000,   0.63520,
,,,01.228000000000,   0.63600,
,,,01.229000000000,   0.63760,
,,,01.230000000000,   0.63600,
,,,01.231000000000,   0.63680,
,,,01.232000000000,   0.63680,
,,,01.233000000000,   0.63760,
,,,01.234000000000,   0.63680,
,,,01.235000000000,   0.63760,
,,,01.236000000000,   0.63760,
,,,01.237000000000,   0.63520,
,,,01.238000000000,   0.63440,
,,,01.239000000000,   0.63680,
,,,01.240000000000,   0.63680,
,,,01.241000000000,   0.63680,
,,,01.242000000000,   0.63520,
,,,01.243000000000,   0.63360,
,,,01.244000000000,   0.63760,
,,,01.245000000000,   0.63680,
,,,01.246000000000,   0.63680,
,,,01.247000000000,   0.63520,
,,,01.248000000000,   0.63760,
,,,01.249000000000,   0.63920,
,,,01.250000000000,   0.63840,
,,,01.251000000000,   0.63680,
,,,01.252000000000,   0.63680,
,,,01.253000000000,   0.63680,
,,,01.254000000000,   0.63760,
,,,01.255000000000,   0.63600,
,,,01.256000000000,   0.63920,
,,,01.257000000000,   0.63680,
,,,01.258000000000,   0.63680,
,,,01.259000000000,   0.63840,
,,,01.260000000000,   0.63840,
,,,01.261000000000,   0.63920,
,,,01.262000000000,   0.63680,
,,,01.263000000000,   0.63520,
,,,01.264000000000,   0.64000,
,,,01.265000000000,   0.63440,
,,,01.266000000000,   0.63600,
,,,01.267000000000,   0.63840,
,,,01.268000000000,   0.63600,
,,,01.269000000000,   0.63600,
,,,01.270000000000,   0.63680,
,,,01.271000000000,   0.63600,
,,,01.272000000000,   0.63760,
,,,01.273000000000,   0.63440,
,,,01.274000000000,   0.63760,
,,,01.275000000000,   0.63920,
,,,01.276000000000,   0.63680,
,,,01.277000000000,   0.63680,
,,,01.278000000000,   0.64000,
,,,01.279000000000,   0.63520,
,,,01.280000000000,   0.63680,
,,,01.281000000000,   0.63600,
,,,01.282000000000,   0.63760,
,,,01.283000000000,   0.63920,
,,,01.284000000000,   0.63760,
,,,01.285000000000,   0.63760,
,,,01.286000000000,   0.63520,
,,,01.287000000000,   0.63760,
,,,01.288000000000,   0.63600,
,,,01.289000000000,   0.63760,
,,,01.290000000000,   0.63760,
,,,01.291000000000,   0.63600,
,,,01.292000000000,   0.63760,
,,,01.293000000000,   0.63680,
,,,01.294000000000,   0.63600,
,,,01.295000000000,   0.63600,
,,,01.296000000000,   0.63680,
,,,01.297000000000,   0.63680,
,,,01.298000000000,   0.63680,
,,,01.299000000000,   0.63760,
,,,01.300000000000,   0.63760,
,,,01.301000000000,   0.63680,
,,,01.302000000000,   0.63600,
,,,01.303000000000,   0.63600,
,,,01.304000000000,   0.63760,
,,,01.305000000000,   0.63600,
,,,01.306000000000,   0.63600,
,,,01.307000000000,   0.63680,
,,,01.308000000000,   0.63600,
,,,01.309000000000,   0.63600,
,,,01.310000000000,   0.63840,
,,,01.311000000000,   0.63680,
,,,01.312000000000,   0.63600,
,,,01.313000000000,   0.63600,
,,,01.314000000000,   0.63600,
,,,01.315000000000,   0.63680,
,,,01.316000000000,   0.63600,
,,,01.317000000000,   0.63680,
,,,01.318000000000,   0.63600,
,,,01.319000000000,   0.63600,
,,,01.320000000000,   0.63600,
,,,01.321000000000,   0.63760,
,,,01.322000000000,   0.63680,
,,,01.323000000000,   0.63760,
,,,01.324000000000,   0.63680,
,,,01.325000000000,   0.63520,
,,,01.326000000000,   0.63760,
,,,01.327000000000,   0.63600,
,,,01.328000000000,   0.63520,
,,,01.329000000000,   0.63680,
,,,01.330000000000,   0.63600,
,,,01.331000000000,   0.63440,
,,,01.332000000000,   0.63600,
,,,01.333000000000,   0.63520,
,,,01.334000000000,   0.63760,
,,,01.335000000000,   0.63600,
,,,01.336000000000,   0.63600,
,,,01.337000000000,   0.63600,
,,,01.338000000000,   0.63600,
,,,01.339000000000,   0.63680,
,,,01.340000000000,   0.63520,
,,,01.341000000000,   0.63600,
,,,01.342000000000,   0.63600,
,,,01.343000000000,   0.63760,
,,,01.344000000000,   0.63520,
,,,01.345000000000,   0.63680,
,,,01.346000000000,   0.63520,
,,,01.347000000000,   0.63520,
,,,01.348000000000,   0.63600,
,,,01.349000000000,   0.63680,
,,,01.350000000000,   0.63600,
,,,01.351000000000,   0.63600,
,,,01.352000000000,   0.63600,
,,,01.353000000000,   0.63520,
,,,01.354000000000,   0.63680,
,,,01.355000000000,   0.63520,
,,,01.356000000000,   0.63680,
,,,01.357000000000,   0.63680,
,,,01.358000000000,   0.63520,
,,,01.359000000000,   0.63520,
,,,01.360000000000,   0.63600,
,,,01.361000000000,   0.63680,
,,,01.362000000000,   0.63600,
,,,01.363000000000,   0.63600,
,,,01.364000000000,   0.63600,
,,,01.365000000000,   0.63760,
,,,01.366000000000,   0.63600,
,,,01.367000000000,   0.63600,
,,,01.368000000000,   0.63600,
,,,01.369000000000,   0.63760,
,,,01.370000000000,   0.63760,
,,,01.371000000000,   0.63440,
,,,01.372000000000,   0.63760,
,,,01.373000000000,   0.63680,
,,,01.374000000000,   0.63760,
,,,01.375000000000,   0.63760,
,,,01.376000000000,   0.63600,
,,,01.377000000000,   0.63520,
,,,01.378000000000,   0.63680,
,,,01.379000000000,   0.63680,
,,,01.380000000000,   0.63600,
,,,01.381000000000,   0.63600,
,,,01.382000000000,   0.63680,
,,,01.383000000000,   0.63680,
,,,01.384000000000,   0.63760,
,,,01.385000000000,   0.63600,
,,,01.386000000000,   0.63760,
,,,01.387000000000,   0.63600,
,,,01.388000000000,   0.63840,
,,,01.389000000000,   0.63600,
,,,01.390000000000,   0.63680,
,,,01.391000000000,   0.63600,
,,,01.392000000000,   0.63680,
,,,01.393000000000,   0.63680,
,,,01.394000000000,   0.63680,
,,,01.395000000000,   0.63520,
,,,01.396000000000,   0.63600,
,,,01.397000000000,   0.63680,
,,,01.398000000000,   0.63600,
,,,01.399000000000,   0.63600,
,,,01.400000000000,   0.63440,
,,,01.401000000000,   0.63760,
,,,01.402000000000,   0.63600,
,,,01.403000000000,   0.63600,
,,,01.404000000000,   0.63680,
,,,01.405000000000,   0.63520,
,,,01.406000000000,   0.63520,
,,,01.407000000000,   0.63760,
,,,01.408000000000,   0.63680,
,,,01.409000000000,   0.64080,
,,,01.410000000000,   0.63760,
,,,01.411000000000,   0.63760,
,,,01.412000000000,   0.63680,
,,,01.413000000000,   0.63600,
,,,01.414000000000,   0.63600,
,,,01.415000000000,   0.63680,
,,,01.416000000000,   0.63840,
,,,01.417000000000,   0.63600,
,,,01.418000000000,   0.63680,
,,,01.419000000000,   0.63600,
,,,01.420000000000,   0.63600,
,,,01.421000000000,   0.63600,
,,,01.422000000000,   0.63520,
,,,01.423000000000,   0.63680,
,,,01.424000000000,   0.63600,
,,,01.425000000000,   0.63760,
,,,01.426000000000,   0.63600,
,,,01.427000000000,   0.63680,
,,,01.428000000000,   0.63600,
,,,01.429000000000,   0.63680,
,,,01.430000000000,   0.63760,
,,,01.431000000000,   0.63600,
,,,01.432000000000,   0.63600,
,,,01.433000000000,   0.63600,
,,,01.434000000000,   0.63600,
,,,01.435000000000,   0.63600,
,,,01.436000000000,   0.63600,
,,,01.437000000000,   0.63680,
,,,01.438000000000,   0.63520,
,,,01.439000000000,   0.63520,
,,,01.440000000000,   0.63680,
,,,01.441000000000,   0.63680,
,,,01.442000000000,   0.63760,
,,,01.443000000000,   0.63920,
,,,01.444000000000,   0.63760,
,,,01.445000000000,   0.63760,
,,,01.446000000000,   0.63600,
,,,01.447000000000,   0.63600,
,,,01.448000000000,   0.63680,
,,,01.449000000000,   0.63680,
,,,01.450000000000,   0.63760,
,,,01.451000000000,   0.63840,
,,,01.452000000000,   0.63600,
,,,01.453000000000,   0.63600,
,,,01.454000000000,   0.63680,
,,,01.455000000000,   0.63520,
,,,01.456000000000,   0.63680,
,,,01.457000000000,   0.63760,
,,,01.458000000000,   0.63600,
,,,01.459000000000,   0.63760,
,,,01.460000000000,   0.63680,
,,,01.461000000000,   0.63680,
,,,01.462000000000,   0.63600,
,,,01.463000000000,   0.63680,
,,,01.464000000000,   0.63680,
,,,01.465000000000,   0.63600,
,,,01.466000000000,   0.63600,
,,,01.467000000000,   0.63520,
,,,01.468000000000,   0.63840,
,,,01.469000000000,   0.63600,
,,,01.470000000000,   0.63760,
,,,01.471000000000,   0.63600,
,,,01.472000000000,   0.63440,
,,,01.473000000000,   0.63600,
,,,01.474000000000,   0.63760,
,,,01.475000000000,   0.63520,
,,,01.476000000000,   0.63920,
,,,01.477000000000,   0.63600,
,,,01.478000000000,   0.63520,
,,,01.479000000000,   0.63760,
,,,01.480000000000,   0.63600,
,,,01.481000000000,   0.63440,
,,,01.482000000000,   0.63600,
,,,01.483000000000,   0.63760,
,,,01.484000000000,   0.63600,
,,,01.485000000000,   0.63680,
,,,01.486000000000,   0.63600,
,,,01.487000000000,   0.63680,
,,,01.488000000000,   0.63680,
,,,01.489000000000,   0.63680,
,,,01.490000000000,   0.63600,
,,,01.491000000000,   0.63840,
,,,01.492000000000,   0.63600,
,,,01.493000000000,   0.63600,
,,,01.494000000000,   0.63680,
,,,01.495000000000,   0.63680,
,,,01.496000000000,   0.63760,
,,,01.497000000000,   0.63600,
,,,01.498000000000,   0.63600,
,,,01.499000000000,   0.63680,
,,,01.500000000000,   0.63680,
,,,01.501000000000,   0.63600,
,,,01.502000000000,   0.63680,
,,,01.503000000000,   0.63600,
,,,01.504000000000,   0.63600,
,,,01.505000000000,   0.63600,
,,,01.506000000000,   0.63760,
,,,01.507000000000,   0.63760,
,,,01.508000000000,   0.63520,
,,,01.509000000000,   0.63680,
,,,01.510000000000,   0.63680,
,,,01.511000000000,   0.63680,
,,,01.512000000000,   0.63520,
,,,01.513000000000,   0.63760,
,,,01.514000000000,   0.63680,
,,,01.515000000000,   0.63680,
,,,01.516000000000,   0.63680,
,,,01.517000000000,   0.63760,
,,,01.518000000000,   0.63840,
,,,01.519000000000,   0.63600,
,,,01.520000000000,   0.63600,
,,,01.521000000000,   0.63840,
,,,01.522000000000,   0.63600,
,,,01.523000000000,   0.63520,
,,,01.524000000000,   0.63760,
,,,01.525000000000,   0.63760,
,,,01.526000000000,   0.63520,
,,,01.527000000000,   0.63520,
,,,01.528000000000,   0.63600,
,,,01.529000000000,   0.63360,
,,,01.530000000000,   0.63600,
,,,01.531000000000,   0.63680,
,,,01.532000000000,   0.63440,
,,,01.533000000000,   0.63760,
,,,01.534000000000,   0.63760,
,,,01.535000000000,   0.63600,
,,,01.536000000000,   0.63600,
,,,01.537000000000,   0.63680,
,,,01.538000000000,   0.63760,
,,,01.539000000000,   0.63520,
,,,01.540000000000,   0.63600,
,,,01.541000000000,   0.64160,
,,,01.542000000000,   0.63760,
,,,01.543000000000,   0.63680,
,,,01.544000000000,   0.63520,
,,,01.545000000000,   0.63760,
,,,01.546000000000,   0.63760,
,,,01.547000000000,   0.63680,
,,,01.548000000000,   0.63680,
,,,01.549000000000,   0.63760,
,,,01.550000000000,   0.63440,
,,,01.551000000000,   0.63440,
,,,01.552000000000,   0.63760,
,,,01.553000000000,   0.63680,
,,,01.554000000000,   0.63360,
,,,01.555000000000,   0.63360,
,,,01.556000000000,   0.63680,
,,,01.557000000000,   0.63760,
,,,01.558000000000,   0.63360,
,,,01.559000000000,   0.63680,
,,,01.560000000000,   0.63520,
,,,01.561000000000,   0.63520,
,,,01.562000000000,   0.63920,
,,,01.563000000000,   0.63760,
,,,01.564000000000,   0.63760,
,,,01.565000000000,   0.63760,
,,,01.566000000000,   0.63680,
,,,01.567000000000,   0.63840,
,,,01.568000000000,   0.63680,
,,,01.569000000000,   0.63520,
,,,01.570000000000,   0.63520,
,,,01.571000000000,   0.63760,
,,,01.572000000000,   0.63440,
,,,01.573000000000,   0.63600,
,,,01.574000000000,   0.63680,
,,,01.575000000000,   0.63680,
,,,01.576000000000,   0.63600,
,,,01.577000000000,   0.63760,
,,,01.578000000000,   0.63760,
,,,01.579000000000,   0.63840,
,,,01.580000000000,   0.63600,
,,,01.581000000000,   0.63520,
,,,01.582000000000,   0.63600,
,,,01.583000000000,   0.63680,
,,,01.584000000000,   0.63680,
,,,01.585000000000,   0.63760,
,,,01.586000000000,   0.63680,
,,,01.587000000000,   0.63600,
,,,01.588000000000,   0.63840,
,,,01.589000000000,   0.63760,
,,,01.590000000000,   0.63840,
,,,01.591000000000,   0.63680,
,,,01.592000000000,   0.63760,
,,,01.593000000000,   0.63760,
,,,01.594000000000,   0.63760,
,,,01.595000000000,   0.63680,
,,,01.596000000000,   0.63920,
,,,01.597000000000,   0.63600,
,,,01.598000000000,   0.64000,
,,,01.599000000000,   0.63680,
,,,01.600000000000,   0.63680,
,,,01.601000000000,   0.63680,
,,,01.602000000000,   0.63600,
,,,01.603000000000,   0.63520,
,,,01.604000000000,   0.63840,
,,,01.605000000000,   0.63840,
,,,01.606000000000,   0.63760,
,,,01.607000000000,   0.63840,
,,,01.608000000000,   0.63680,
,,,01.609000000000,   0.64000,
,,,01.610000000000,   0.63840,
,,,01.611000000000,   0.63680,
,,,01.612000000000,   0.63680,
,,,01.613000000000,   0.63760,
,,,01.614000000000,   0.63840,
,,,01.615000000000,   0.63680,
,,,01.616000000000,   0.64080,
,,,01.617000000000,   0.64240,
,,,01.618000000000,   0.64080,
,,,01.619000000000,   0.63760,
,,,01.620000000000,   0.64000,
,,,01.621000000000,   0.63920,
,,,01.622000000000,   0.63920,
,,,01.623000000000,   0.63600,
,,,01.624000000000,   0.64000,
,,,01.625000000000,   0.63840,
,,,01.626000000000,   0.63680,
,,,01.627000000000,   0.64000,
,,,01.628000000000,   0.63680,
,,,01.629000000000,   0.64000,
,,,01.630000000000,   0.63680,
,,,01.631000000000,   0.63920,
,,,01.632000000000,   0.63680,
,,,01.633000000000,   0.63760,
,,,01.634000000000,   0.63760,
,,,01.635000000000,   0.63840,
,,,01.636000000000,   0.63680,
,,,01.637000000000,   0.63600,
,,,01.638000000000,   0.63760,
,,,01.639000000000,   0.63840,
,,,01.640000000000,   0.63840,
,,,01.641000000000,   0.63920,
,,,01.642000000000,   0.63600,
,,,01.643000000000,   0.63680,
,,,01.644000000000,   0.63760,
,,,01.645000000000,   0.63680,
,,,01.646000000000,   0.63680,
,,,01.647000000000,   0.63680,
,,,01.648000000000,   0.63600,
,,,01.649000000000,   0.63760,
,,,01.650000000000,   0.63600,
,,,01.651000000000,   0.63760,
,,,01.652000000000,   0.63680,
,,,01.653000000000,   0.63680,
,,,01.654000000000,   0.63680,
,,,01.655000000000,   0.63600,
,,,01.656000000000,   0.63680,
,,,01.657000000000,   0.63760,
,,,01.658000000000,   0.63520,
,,,01.659000000000,   0.63600,
,,,01.660000000000,   0.63680,
,,,01.661000000000,   0.63680,
,,,01.662000000000,   0.63840,
,,,01.663000000000,   0.63600,
,,,01.664000000000,   0.63680,
,,,01.665000000000,   0.63840,
,,,01.666000000000,   0.63680,
,,,01.667000000000,   0.63600,
,,,01.668000000000,   0.63680,
,,,01.669000000000,   0.63760,
,,,01.670000000000,   0.63760,
,,,01.671000000000,   0.63760,
,,,01.672000000000,   0.63680,
,,,01.673000000000,   0.63600,
,,,01.674000000000,   0.63680,
,,,01.675000000000,   0.63680,
,,,01.676000000000,   0.63600,
,,,01.677000000000,   0.63680,
,,,01.678000000000,   0.63760,
,,,01.679000000000,   0.63920,
,,,01.680000000000,   0.63760,
,,,01.681000000000,   0.63600,
,,,01.682000000000,   0.63760,
,,,01.683000000000,   0.63840,
,,,01.684000000000,   0.63760,
,,,01.685000000000,   0.63680,
,,,01.686000000000,   0.63600,
,,,01.687000000000,   0.64000,
,,,01.688000000000,   0.63760,
,,,01.689000000000,   0.63600,
,,,01.690000000000,   0.64000,
,,,01.691000000000,   0.63600,
,,,01.692000000000,   0.63600,
,,,01.693000000000,   0.63680,
,,,01.694000000000,   0.63840,
,,,01.695000000000,   0.63680,
,,,01.696000000000,   0.63680,
,,,01.697000000000,   0.63760,
,,,01.698000000000,   0.63840,
,,,01.699000000000,   0.63840,
,,,01.700000000000,   0.63600,
,,,01.701000000000,   0.63760,
,,,01.702000000000,   0.64000,
,,,01.703000000000,   0.63680,
,,,01.704000000000,   0.63680,
,,,01.705000000000,   0.63680,
,,,01.706000000000,   0.63680,
,,,01.707000000000,   0.63760,
,,,01.708000000000,   0.63760,
,,,01.709000000000,   0.63680,
,,,01.710000000000,   0.63680,
,,,01.711000000000,   0.63600,
,,,01.712000000000,   0.63760,
,,,01.713000000000,   0.63840,
,,,01.714000000000,   0.63680,
,,,01.715000000000,   0.63840,
,,,01.716000000000,   0.63760,
,,,01.717000000000,   0.63600,
,,,01.718000000000,   0.63760,
,,,01.719000000000,   0.63600,
,,,01.720000000000,   0.63760,
,,,01.721000000000,   0.63520,
,,,01.722000000000,   0.63760,
,,,01.723000000000,   0.63600,
,,,01.724000000000,   0.63600,
,,,01.725000000000,   0.63760,
,,,01.726000000000,   0.63760,
,,,01.727000000000,   0.63840,
,,,01.728000000000,   0.63680,
,,,01.729000000000,   0.63680,
,,,01.730000000000,   0.63840,
,,,01.731000000000,   0.63760,
,,,01.732000000000,   0.63680,
,,,01.733000000000,   0.63840,
,,,01.734000000000,   0.63680,
,,,01.735000000000,   0.63920,
,,,01.736000000000,   0.63680,
,,,01.737000000000,   0.63840,
,,,01.738000000000,   0.63920,
,,,01.739000000000,   0.63760,
,,,01.740000000000,   0.63600,
,,,01.741000000000,   0.63680,
,,,01.742000000000,   0.63680,
,,,01.743000000000,   0.63680,
,,,01.744000000000,   0.63920,
,,,01.745000000000,   0.63760,
,,,01.746000000000,   0.63680,
,,,01.747000000000,   0.63520,
,,,01.748000000000,   0.63520,
,,,01.749000000000,   0.63760,
,,,01.750000000000,   0.63840,
,,,01.751000000000,   0.63600,
,,,01.752000000000,   0.63680,
,,,01.753000000000,   0.63680,
,,,01.754000000000,   0.63680,
,,,01.755000000000,   0.63680,
,,,01.756000000000,   0.63680,
,,,01.757000000000,   0.63680,
,,,01.758000000000,   0.63680,
,,,01.759000000000,   0.63680,
,,,01.760000000000,   0.63680,
,,,01.761000000000,   0.63760,
,,,01.762000000000,   0.63600,
,,,01.763000000000,   0.63760,
,,,01.764000000000,   0.63600,
,,,01.765000000000,   0.63680,
,,,01.766000000000,   0.64000,
,,,01.767000000000,   0.63760,
,,,01.768000000000,   0.63680,
,,,01.769000000000,   0.63680,
,,,01.770000000000,   0.63760,
,,,01.771000000000,   0.63680,
,,,01.772000000000,   0.63680,
,,,01.773000000000,   0.63760,
,,,01.774000000000,   0.63600,
,,,01.775000000000,   0.63840,
,,,01.776000000000,   0.63680,
,,,01.777000000000,   0.63680,
,,,01.778000000000,   0.63760,
,,,01.779000000000,   0.63920,
,,,01.780000000000,   0.63680,
,,,01.781000000000,   0.63760,
,,,01.782000000000,   0.63680,
,,,01.783000000000,   0.63680,
,,,01.784000000000,   0.63760,
,,,01.785000000000,   0.63600,
,,,01.786000000000,   0.63600,
,,,01.787000000000,   0.63680,
,,,01.788000000000,   0.63680,
,,,01.789000000000,   0.63760,
